Make,Generic model 1,Matched_genmodel_ID,2020,2019,2018,2017,2016,2015,2014,2013,2012,2011,2010,2009,2008,2007,2006,2005,2004,2003,2002,2001
ABARTH,ABARTH 124,2_1,0.0,19.0,27.0,60.0,0.0,0.0,0.0,0.0,0.0,0.0,0.0,0.0,0.0,0.0,0.0,0.0,0.0,0.0,0.0,0.0
ABARTH,ABARTH 500,2_2,0.0,0.0,1.0,2.0,66.0,717.0,762.0,545.0,763.0,882.0,915.0,766.0,0.0,0.0,0.0,0.0,0.0,0.0,0.0,0.0
ABARTH,ABARTH 595,2_4,2144.0,2866.0,3907.0,3295.0,3132.0,1612.0,516.0,491.0,165.0,0.0,0.0,0.0,0.0,0.0,0.0,0.0,0.0,0.0,0.0,0.0
ABARTH,ABARTH 695,2_6,45.0,65.0,270.0,114.0,29.0,10.0,14.0,0.0,0.0,0.0,0.0,0.0,0.0,0.0,0.0,0.0,0.0,0.0,0.0,0.0
ABARTH,ABARTH PUNTO,2_9,0.0,0.0,0.0,0.0,0.0,0.0,56.0,75.0,90.0,120.0,97.0,172.0,74.0,0.0,0.0,0.0,0.0,0.0,0.0,0.0
ABARTH,ABARTH SPIDER,2_1,0.0,223.0,777.0,409.0,176.0,0.0,0.0,0.0,0.0,0.0,0.0,0.0,0.0,0.0,0.0,0.0,0.0,0.0,0.0,0.0
ACURA,ACURA TL,100_1,0.0,0.0,0.0,0.0,0.0,0.0,0.0,1.0,0.0,0.0,0.0,1.0,0.0,1.0,1.0,0.0,0.0,0.0,0.0,0.0
AIXAM,AIXAM 500,3_3,0.0,0.0,0.0,0.0,0.0,0.0,0.0,0.0,0.0,0.0,0.0,0.0,0.0,0.0,0.0,5.0,4.0,4.0,4.0,0.0
AIXAM,AIXAM A751,3_4,0.0,0.0,0.0,0.0,0.0,0.0,0.0,0.0,0.0,0.0,1.0,4.0,13.0,10.0,23.0,13.0,0.0,0.0,0.0,0.0
AIXAM,AIXAM COUPE,3_5,0.0,0.0,0.0,0.0,3.0,5.0,6.0,3.0,1.0,0.0,0.0,0.0,0.0,0.0,0.0,0.0,0.0,0.0,0.0,0.0
AIXAM,AIXAM CROSSLINE,3_1,0.0,0.0,0.0,6.0,15.0,16.0,10.0,20.0,31.0,69.0,39.0,50.0,39.0,38.0,0.0,0.0,0.0,0.0,0.0,0.0
AIXAM,AIXAM CROSSOVER,3_6,0.0,2.0,32.0,51.0,50.0,43.0,48.0,34.0,25.0,0.0,0.0,0.0,0.0,0.0,0.0,0.0,0.0,0.0,0.0,0.0
AIXAM,AIXAM MEGA,3_7,0.0,0.0,0.0,0.0,0.0,0.0,0.0,0.0,0.0,0.0,0.0,1.0,2.0,3.0,0.0,0.0,0.0,0.0,0.0,0.0
AIXAM,AIXAM SCOUTY,3_8,0.0,0.0,0.0,0.0,0.0,0.0,0.0,0.0,0.0,1.0,1.0,0.0,1.0,3.0,0.0,0.0,0.0,0.0,0.0,0.0
ALFA ROMEO,ALFA ROMEO 147,4_1,0.0,0.0,0.0,0.0,0.0,0.0,0.0,0.0,0.0,0.0,5.0,268.0,744.0,652.0,497.0,473.0,377.0,466.0,339.0,140.0
ALFA ROMEO,ALFA ROMEO 156,4_2,0.0,0.0,0.0,0.0,0.0,0.0,0.0,0.0,0.0,0.0,0.0,0.0,6.0,31.0,21.0,312.0,383.0,373.0,286.0,215.0
ALFA ROMEO,ALFA ROMEO 159,4_4,0.0,3.0,0.0,0.0,0.0,0.0,1.0,0.0,95.0,517.0,813.0,1104.0,1218.0,1407.0,564.0,1.0,0.0,0.0,0.0,0.0
ALFA ROMEO,ALFA ROMEO 166,4_6,0.0,0.0,0.0,0.0,0.0,0.0,0.0,0.0,0.0,0.0,0.0,0.0,3.0,2.0,0.0,53.0,42.0,28.0,29.0,35.0
ALFA ROMEO,ALFA ROMEO 4C,4_7,0.0,2.0,13.0,106.0,116.0,68.0,84.0,0.0,0.0,0.0,0.0,0.0,0.0,0.0,0.0,0.0,0.0,0.0,0.0,0.0
ALFA ROMEO,ALFA ROMEO 8C,4_8,0.0,0.0,0.0,0.0,0.0,0.0,0.0,0.0,0.0,0.0,0.0,7.0,4.0,0.0,0.0,0.0,0.0,0.0,0.0,0.0
ALFA ROMEO,ALFA ROMEO BRERA,4_9,0.0,0.0,0.0,0.0,0.0,0.0,0.0,0.0,0.0,25.0,103.0,445.0,548.0,483.0,503.0,0.0,0.0,0.0,0.0,0.0
ALFA ROMEO,ALFA ROMEO GIULIA,4_10,676.0,1392.0,1427.0,1849.0,159.0,0.0,0.0,0.0,1.0,0.0,1.0,0.0,0.0,0.0,0.0,0.0,0.0,0.0,2.0,0.0
ALFA ROMEO,ALFA ROMEO GIULIETTA,4_11,524.0,564.0,834.0,1486.0,2763.0,3019.0,3206.0,3242.0,3721.0,6026.0,2084.0,0.0,0.0,0.0,0.0,0.0,0.0,0.0,0.0,0.0
ALFA ROMEO,ALFA ROMEO GT,4_12,0.0,0.0,0.0,0.0,0.0,0.0,0.0,0.0,0.0,12.0,116.0,174.0,734.0,800.0,480.0,427.0,206.0,0.0,0.0,0.0
ALFA ROMEO,ALFA ROMEO GTV,4_13,0.0,0.0,0.0,0.0,0.0,0.0,0.0,0.0,0.0,0.0,0.0,0.0,0.0,0.0,1.0,25.0,50.0,73.0,118.0,143.0
ALFA ROMEO,ALFA ROMEO MITO,4_14,0.0,36.0,378.0,706.0,1444.0,1592.0,1734.0,1801.0,2521.0,3188.0,3977.0,4797.0,19.0,0.0,0.0,0.0,0.0,0.0,0.0,0.0
ALFA ROMEO,ALFA ROMEO SPIDER,4_15,0.0,0.0,0.0,0.0,0.0,0.0,0.0,1.0,0.0,19.0,103.0,114.0,518.0,497.0,9.0,47.0,53.0,62.0,69.0,184.0
ALFA ROMEO,ALFA ROMEO STELVIO,4_16,679.0,1159.0,1023.0,203.0,0.0,0.0,0.0,0.0,0.0,0.0,0.0,0.0,0.0,0.0,0.0,0.0,0.0,0.0,0.0,0.0
ALPINE,ALPINE A110,101_1,102.0,149.0,108.0,0.0,0.0,0.0,0.0,0.0,0.0,0.0,0.0,0.0,0.0,0.0,0.0,0.0,0.0,0.0,0.0,0.0
ASTON MARTIN,ASTON MARTIN CYGNET,6_1,0.0,0.0,0.0,0.0,0.0,0.0,12.0,12.0,45.0,61.0,4.0,0.0,0.0,0.0,0.0,0.0,0.0,0.0,0.0,0.0
ASTON MARTIN,ASTON MARTIN DB11,6_2,150.0,326.0,404.0,667.0,98.0,0.0,0.0,0.0,0.0,0.0,0.0,0.0,0.0,0.0,0.0,0.0,0.0,0.0,0.0,0.0
ASTON MARTIN,ASTON MARTIN DB5,6_12,0.0,0.0,0.0,0.0,0.0,0.0,0.0,0.0,0.0,0.0,0.0,0.0,1.0,0.0,0.0,0.0,0.0,0.0,0.0,0.0
ASTON MARTIN,ASTON MARTIN DB7,6_3,0.0,0.0,0.0,0.0,0.0,0.0,0.0,0.0,0.0,0.0,0.0,0.0,0.0,0.0,0.0,0.0,84.0,163.0,193.0,234.0
ASTON MARTIN,ASTON MARTIN DB9,6_4,0.0,0.0,0.0,28.0,140.0,24.0,111.0,149.0,64.0,75.0,158.0,215.0,399.0,550.0,510.0,901.0,225.0,0.0,0.0,0.0
ASTON MARTIN,ASTON MARTIN DB9O,6_4,0.0,0.0,0.0,0.0,11.0,159.0,57.0,0.0,0.0,0.0,0.0,0.0,0.0,0.0,0.0,0.0,0.0,0.0,0.0,0.0
ASTON MARTIN,ASTON MARTIN DBS,6_5,202.0,287.0,52.0,0.0,0.0,0.0,0.0,1.0,100.0,124.0,149.0,151.0,75.0,3.0,0.0,0.0,0.0,0.0,0.0,0.0
ASTON MARTIN,ASTON MARTIN RAPIDE,6_6,15.0,38.0,35.0,48.0,46.0,94.0,86.0,97.0,63.0,112.0,130.0,0.0,0.0,0.0,0.0,0.0,0.0,0.0,0.0,0.0
ASTON MARTIN,ASTON MARTIN VANQUISH,6_8,0.0,37.0,140.0,181.0,134.0,173.0,88.0,6.0,0.0,0.0,0.0,0.0,3.0,49.0,24.0,54.0,6.0,1.0,1.0,0.0
ASTON MARTIN,ASTON MARTIN VANTAGE,6_9,191.0,688.0,421.0,243.0,334.0,310.0,301.0,278.0,278.0,241.0,285.0,417.0,526.0,753.0,967.0,90.0,0.0,0.0,1.0,0.0
ASTON MARTIN,ASTON MARTIN VIRAGE,6_10,0.0,0.0,0.0,0.0,0.0,0.0,0.0,3.0,94.0,77.0,0.0,0.0,0.0,0.0,0.0,0.0,0.0,0.0,0.0,0.0
AUDI,AUDI A1,7_1,13292.0,19976.0,19038.0,21212.0,24047.0,22789.0,22709.0,22405.0,18743.0,16721.0,1451.0,0.0,0.0,0.0,0.0,0.0,0.0,0.0,0.0,0.0
AUDI,AUDI A2,7_2,0.0,1.0,0.0,0.0,0.0,0.0,0.0,0.0,0.0,0.0,0.0,0.0,0.0,0.0,0.0,1160.0,2046.0,1877.0,2392.0,1938.0
AUDI,AUDI A3,7_3,15079.0,17396.0,22958.0,27935.0,34335.0,39145.0,38841.0,28775.0,26994.0,23030.0,27721.0,26633.0,24398.0,21098.0,19805.0,15652.0,8405.0,3665.0,2302.0,1492.0
AUDI,AUDI A4,7_5,8903.0,13013.0,12026.0,19667.0,23312.0,17375.0,18080.0,17454.0,15506.0,15958.0,15510.0,16367.0,21339.0,21935.0,20218.0,15501.0,13587.0,9607.0,5688.0,2298.0
AUDI,AUDI A5,7_9,5155.0,9572.0,9063.0,10868.0,7766.0,9925.0,10778.0,11108.0,10098.0,9864.0,11067.0,7039.0,4942.0,1468.0,0.0,0.0,0.0,0.0,0.0,0.0
AUDI,AUDI A6,7_11,4069.0,9843.0,8392.0,8973.0,13552.0,11745.0,11514.0,11637.0,9551.0,8334.0,8049.0,5368.0,8408.0,9253.0,5845.0,4082.0,2537.0,1576.0,1165.0,611.0
AUDI,AUDI A7,7_15,729.0,1572.0,1417.0,1489.0,2262.0,1982.0,1909.0,1981.0,1424.0,1848.0,144.0,0.0,0.0,0.0,0.0,0.0,0.0,0.0,0.0,0.0
AUDI,AUDI A8,7_16,404.0,758.0,928.0,572.0,707.0,835.0,879.0,777.0,818.0,913.0,588.0,472.0,878.0,748.0,535.0,552.0,378.0,174.0,100.0,92.0
AUDI,AUDI ALLROAD,7_17,0.0,0.0,0.0,0.0,0.0,0.0,0.0,0.0,0.0,1.0,0.0,225.0,561.0,632.0,430.0,0.0,1.0,0.0,2.0,0.0
AUDI,AUDI E-TRON,7_51,5858.0,1029.0,0.0,0.0,0.0,0.0,0.0,0.0,0.0,0.0,0.0,0.0,0.0,0.0,0.0,0.0,0.0,0.0,0.0,0.0
AUDI,AUDI Q2,7_18,14817.0,15487.0,14253.0,11645.0,648.0,0.0,0.0,0.0,0.0,0.0,0.0,0.0,0.0,0.0,0.0,0.0,0.0,0.0,0.0,0.0
AUDI,AUDI Q3,7_19,12674.0,13987.0,12550.0,15598.0,16640.0,14277.0,13855.0,12025.0,6833.0,481.0,0.0,0.0,0.0,0.0,0.0,0.0,0.0,0.0,0.0,0.0
AUDI,AUDI Q5,7_20,8364.0,12148.0,11504.0,9167.0,9620.0,8950.0,7582.0,5796.0,4881.0,5819.0,3913.0,4111.0,210.0,0.0,0.0,0.0,0.0,0.0,0.0,0.0
AUDI,AUDI Q7,7_21,3927.0,4606.0,4092.0,4309.0,4827.0,3282.0,3319.0,3382.0,2423.0,1883.0,1607.0,1354.0,2717.0,3952.0,1693.0,0.0,0.0,0.0,0.0,0.0
AUDI,AUDI Q8,7_49,933.0,1813.0,634.0,0.0,0.0,0.0,0.0,0.0,0.0,0.0,0.0,0.0,0.0,0.0,0.0,0.0,0.0,0.0,0.0,0.0
AUDI,AUDI QUATTRO,7_22,0.0,0.0,1.0,0.0,0.0,0.0,1.0,1.0,32.0,387.0,92.0,0.0,2.0,1.0,1.0,0.0,0.0,2.0,5.0,6.0
AUDI,AUDI R8,7_23,121.0,131.0,254.0,298.0,331.0,192.0,210.0,203.0,132.0,243.0,291.0,261.0,493.0,263.0,0.0,0.0,0.0,0.0,0.0,0.0
AUDI,AUDI RIO,7_35,0.0,0.0,1.0,0.0,0.0,2.0,1.0,6.0,84.0,163.0,465.0,602.0,367.0,0.0,0.0,0.0,0.0,0.0,2.0,0.0
AUDI,AUDI RS3,7_25,312.0,837.0,1145.0,782.0,1107.0,692.0,0.0,0.0,0.0,0.0,0.0,0.0,0.0,0.0,0.0,0.0,0.0,0.0,0.0,0.0
AUDI,AUDI RS4,7_26,491.0,249.0,550.0,3.0,0.0,429.0,776.0,476.0,53.0,0.0,0.0,1.0,57.0,1082.0,946.0,0.0,0.0,0.0,3.0,126.0
AUDI,AUDI RS5,7_30,162.0,407.0,37.0,0.0,2.0,228.0,323.0,215.0,69.0,0.0,0.0,0.0,0.0,0.0,0.0,0.0,0.0,0.0,0.0,0.0
AUDI,AUDI RS6,7_31,663.0,0.0,200.0,633.0,649.0,622.0,446.0,126.0,0.0,0.0,55.0,200.0,218.0,0.0,0.0,26.0,132.0,290.0,38.0,0.0
AUDI,AUDI RS7,7_33,127.0,0.0,9.0,84.0,125.0,109.0,108.0,7.0,0.0,0.0,0.0,0.0,0.0,0.0,0.0,0.0,0.0,0.0,0.0,0.0
AUDI,AUDI RSQ3,7_24,697.0,37.0,0.0,0.0,229.0,310.0,411.0,11.0,0.0,0.0,0.0,0.0,1.0,0.0,0.0,0.0,0.0,0.0,0.0,0.0
AUDI,AUDI S1,7_34,0.0,1.0,307.0,637.0,586.0,908.0,429.0,0.0,0.0,0.0,0.0,0.0,0.0,0.0,0.0,0.0,0.0,0.0,0.0,0.0
AUDI,AUDI S3,7_35,1404.0,2705.0,3017.0,4917.0,4144.0,3787.0,2808.0,459.0,582.0,804.0,700.0,269.0,579.0,1157.0,89.0,0.0,2.0,310.0,500.0,436.0
AUDI,AUDI S4,7_36,676.0,227.0,1334.0,2016.0,101.0,416.0,398.0,384.0,389.0,486.0,600.0,374.0,57.0,226.0,360.0,429.0,611.0,188.0,0.0,29.0
AUDI,AUDI S5,7_39,257.0,85.0,2283.0,3350.0,764.0,722.0,422.0,318.0,261.0,539.0,601.0,143.0,575.0,408.0,0.0,0.0,0.0,0.0,0.0,0.0
AUDI,AUDI S6,7_41,84.0,117.0,151.0,165.0,117.0,96.0,79.0,88.0,61.0,1.0,28.0,17.0,41.0,92.0,100.0,0.0,4.0,19.0,31.0,29.0
AUDI,AUDI S7,7_42,66.0,70.0,7.0,54.0,68.0,117.0,50.0,66.0,34.0,0.0,0.0,0.0,0.0,0.0,0.0,0.0,0.0,0.0,0.0,0.0
AUDI,AUDI S8,7_43,23.0,0.0,0.0,62.0,210.0,175.0,69.0,56.0,37.0,0.0,6.0,18.0,56.0,96.0,75.0,0.0,0.0,5.0,70.0,45.0
AUDI,AUDI SQ2,7_50,366.0,881.0,0.0,0.0,0.0,0.0,0.0,0.0,0.0,0.0,0.0,0.0,0.0,0.0,0.0,0.0,0.0,0.0,0.0,0.0
AUDI,AUDI SQ5,7_44,1198.0,464.0,2046.0,1237.0,2046.0,2172.0,1775.0,685.0,0.0,0.0,0.0,0.0,0.0,0.0,0.0,0.0,0.0,1.0,0.0,0.0
AUDI,AUDI SQ7,7_45,568.0,170.0,871.0,1016.0,177.0,0.0,0.0,0.0,0.0,0.0,0.0,0.0,0.0,0.0,0.0,0.0,0.0,0.0,0.0,0.0
AUDI,AUDI TT,7_46,178.0,331.0,1875.0,2856.0,1837.0,1485.0,3298.0,5973.0,5507.0,6507.0,6524.0,6208.0,7497.0,8371.0,3190.0,4047.0,5527.0,5827.0,5115.0,3606.0
AUDI,AUDI TTRS,7_47,145.0,216.0,334.0,110.0,151.0,0.0,0.0,0.0,0.0,0.0,0.0,0.0,0.0,0.0,0.0,0.0,0.0,0.0,0.0,0.0
AUDI,AUDI TTS,7_48,2716.0,4003.0,1836.0,3992.0,6977.0,7105.0,590.0,368.0,133.0,0.0,1.0,0.0,0.0,0.0,0.0,0.0,0.0,0.0,0.0,0.0
BENTLEY,BENTLEY ARNAGE,10_1,0.0,0.0,0.0,0.0,0.0,0.0,0.0,0.0,1.0,0.0,5.0,29.0,40.0,61.0,73.0,106.0,90.0,106.0,134.0,193.0
BENTLEY,BENTLEY AZURE,10_2,0.0,0.0,0.0,0.0,0.0,0.0,0.0,0.0,0.0,1.0,5.0,10.0,14.0,28.0,21.0,0.0,0.0,11.0,8.0,12.0
BENTLEY,BENTLEY BENTAYGA,10_3,436.0,387.0,526.0,545.0,342.0,1.0,0.0,0.0,0.0,0.0,0.0,0.0,0.0,0.0,0.0,0.0,0.0,0.0,0.0,0.0
BENTLEY,BENTLEY BROOKLANDS,10_4,0.0,0.0,0.0,0.0,0.0,0.0,0.0,0.0,0.0,1.0,3.0,16.0,28.0,0.0,0.0,0.0,0.0,0.0,0.0,0.0
BENTLEY,BENTLEY CONTINENTAL,10_5,699.0,835.0,600.0,619.0,808.0,774.0,713.0,683.0,704.0,517.0,477.0,403.0,821.0,1242.0,1033.0,1157.0,1111.0,14.0,11.0,10.0
BENTLEY,BENTLEY FLYING SPUR,10_6,26.0,1.0,56.0,85.0,126.0,163.0,187.0,56.0,0.0,0.0,0.0,0.0,0.0,0.0,0.0,1.0,0.0,0.0,0.0,0.0
BENTLEY,BENTLEY MULSANNE,10_7,29.0,52.0,38.0,72.0,110.0,90.0,81.0,54.0,56.0,81.0,18.0,0.0,0.0,0.0,0.0,0.0,0.0,0.0,0.0,0.0
BMW,BMW 1 SERIES,8_1,20764.0,23624.0,22628.0,27044.0,28879.0,30499.0,29722.0,36583.0,30517.0,25065.0,27149.0,24467.0,21738.0,16022.0,14621.0,12155.0,3541.0,0.0,0.0,0.0
BMW,BMW 2 SERIES,8_2,9408.0,14842.0,18884.0,15426.0,19046.0,15197.0,4376.0,1.0,0.0,0.0,0.0,0.0,0.0,0.0,0.0,0.0,0.0,0.0,0.0,0.0
BMW,BMW 3 SERIES,8_5,19985.0,25262.0,25391.0,30716.0,32119.0,32799.0,34307.0,37365.0,37271.0,33730.0,32119.0,28532.0,31514.0,38244.0,29965.0,21106.0,17464.0,17630.0,13416.0,9056.0
BMW,BMW 4 SERIES,8_7,4540.0,10539.0,15716.0,17039.0,18612.0,18745.0,13042.0,1617.0,0.0,0.0,0.0,0.0,0.0,0.0,0.0,0.0,0.0,0.0,0.0,0.0
BMW,BMW 5 SERIES,8_9,8801.0,15789.0,19961.0,15263.0,15781.0,17442.0,16880.0,15512.0,15918.0,14663.0,10856.0,9401.0,9940.0,11657.0,10233.0,7985.0,5534.0,4039.0,3628.0,2583.0
BMW,BMW 6 SERIES,8_11,227.0,1035.0,2288.0,1296.0,1834.0,2018.0,2077.0,2130.0,1707.0,667.0,569.0,645.0,1206.0,1323.0,1569.0,1457.0,1290.0,25.0,0.0,0.0
BMW,BMW 7 SERIES,8_14,888.0,1458.0,1374.0,1500.0,1518.0,745.0,951.0,795.0,978.0,985.0,814.0,661.0,824.0,766.0,1197.0,739.0,445.0,486.0,281.0,393.0
BMW,BMW 8 SERIES,8_49,1864.0,1209.0,219.0,0.0,0.0,0.0,0.0,0.0,0.0,0.0,0.0,0.0,0.0,0.0,0.0,0.0,0.0,0.0,0.0,0.0
BMW,BMW I3,8_27,4204.0,4596.0,3491.0,3056.0,2131.0,1879.0,1205.0,119.0,0.0,0.0,0.0,0.0,0.0,0.0,0.0,0.0,0.0,0.0,0.0,0.0
BMW,BMW I8,8_28,80.0,248.0,389.0,232.0,447.0,644.0,201.0,0.0,0.0,0.0,0.0,0.0,0.0,0.0,0.0,0.0,0.0,0.0,0.0,0.0
BMW,BMW M1,8_48,3350.0,3921.0,3998.0,4477.0,2724.0,1498.0,1755.0,1591.0,318.0,1.0,0.0,1.0,0.0,0.0,0.0,0.0,0.0,0.0,0.0,0.0
BMW,BMW M2,8_29,2636.0,2604.0,3010.0,2807.0,2358.0,1502.0,974.0,0.0,0.0,0.0,0.0,0.0,0.0,0.0,0.0,0.0,0.0,0.0,0.0,0.0
BMW,BMW M3,8_30,1583.0,561.0,855.0,952.0,777.0,581.0,238.0,630.0,746.0,721.0,623.0,659.0,1111.0,444.0,299.0,892.0,1305.0,1866.0,1188.0,309.0
BMW,BMW M4,8_31,1141.0,1798.0,2123.0,1925.0,1709.0,1940.0,996.0,0.0,0.0,0.0,0.0,0.0,0.0,0.0,0.0,0.0,0.0,0.0,0.0,0.0
BMW,BMW M5,8_32,393.0,611.0,140.0,22.0,404.0,381.0,490.0,571.0,374.0,82.0,11.0,19.0,82.0,225.0,265.0,282.0,1.0,37.0,153.0,233.0
BMW,BMW M6,8_33,0.0,0.0,57.0,135.0,200.0,203.0,203.0,118.0,47.0,1.0,5.0,14.0,22.0,52.0,100.0,133.0,0.0,0.0,0.0,0.0
BMW,BMW X1,8_35,7396.0,13529.0,14626.0,13353.0,12247.0,4568.0,7873.0,7261.0,5601.0,6291.0,5212.0,464.0,0.0,0.0,0.0,0.0,0.0,0.0,0.0,1.0
BMW,BMW X2,8_36,3420.0,6918.0,4880.0,0.0,0.0,0.0,0.0,0.0,0.0,0.0,0.0,0.0,0.0,0.0,0.0,0.0,0.0,0.0,0.0,0.0
BMW,BMW X3,8_37,7438.0,15773.0,8197.0,7931.0,8903.0,7001.0,6148.0,7296.0,7104.0,4370.0,1035.0,1663.0,2099.0,3331.0,4792.0,4145.0,3617.0,2.0,0.0,0.0
BMW,BMW X4,8_38,1830.0,3998.0,2064.0,2136.0,2690.0,2052.0,741.0,0.0,0.0,0.0,0.0,0.0,0.0,0.0,0.0,0.0,0.0,0.0,0.0,0.0
BMW,BMW X5,8_39,5345.0,9055.0,7443.0,6345.0,6734.0,7306.0,5622.0,3543.0,4311.0,4405.0,4168.0,4381.0,3917.0,4410.0,4328.0,7064.0,4392.0,3655.0,2309.0,1212.0
BMW,BMW X6,8_41,1077.0,643.0,2114.0,1338.0,1794.0,1282.0,1404.0,1236.0,1159.0,809.0,816.0,1008.0,502.0,1.0,0.0,0.0,0.0,0.0,0.0,0.0
BMW,BMW X7,8_50,664.0,523.0,0.0,0.0,0.0,0.0,0.0,0.0,0.0,0.0,0.0,0.0,0.0,0.0,0.0,0.0,0.0,0.0,0.0,0.0
BMW,BMW Z3,8_43,0.0,0.0,0.0,0.0,0.0,0.0,0.0,0.0,0.0,0.0,0.0,0.0,1.0,1.0,0.0,0.0,1.0,60.0,872.0,1459.0
BMW,BMW Z4,8_45,1428.0,1928.0,0.0,134.0,1197.0,1561.0,1884.0,1582.0,1896.0,1885.0,1953.0,2433.0,1769.0,3172.0,3025.0,2139.0,3109.0,2585.0,0.0,0.0
BMW,BMW Z8,8_47,0.0,0.0,0.0,0.0,0.0,0.0,0.0,0.0,0.0,0.0,0.0,0.0,0.0,0.0,0.0,0.0,0.0,5.0,9.0,17.0
BRISTOL,BRISTOL FIGHTER,11_1,0.0,0.0,0.0,0.0,0.0,0.0,0.0,0.0,0.0,0.0,0.0,0.0,0.0,0.0,1.0,1.0,1.0,1.0,0.0,0.0
CADILLAC,CADILLAC BLS,14_1,0.0,0.0,0.0,0.0,0.0,0.0,0.0,0.0,0.0,0.0,19.0,59.0,44.0,90.0,56.0,0.0,0.0,0.0,0.0,0.0
CADILLAC,CADILLAC CTS,14_2,0.0,1.0,0.0,0.0,1.0,0.0,0.0,0.0,3.0,0.0,8.0,16.0,9.0,31.0,29.0,21.0,0.0,0.0,0.0,0.0
CADILLAC,CADILLAC ESCALADE,14_3,0.0,1.0,5.0,3.0,6.0,4.0,0.0,0.0,2.0,1.0,4.0,7.0,3.0,17.0,2.0,2.0,8.0,8.0,8.0,2.0
CADILLAC,CADILLAC STS,14_5,0.0,0.0,0.0,0.0,0.0,0.0,0.0,0.0,0.0,1.0,2.0,8.0,8.0,0.0,0.0,0.0,0.0,0.0,0.0,0.0
CHEVROLET,CHEVROLET AVEO,16_2,0.0,0.0,0.0,0.0,0.0,0.0,132.0,1475.0,1798.0,1504.0,1951.0,4605.0,1295.0,0.0,0.0,0.0,0.0,0.0,0.0,0.0
CHEVROLET,CHEVROLET CAMARO,16_4,0.0,29.0,21.0,28.0,4.0,2.0,10.0,24.0,16.0,0.0,2.0,1.0,0.0,0.0,0.0,0.0,0.0,0.0,0.0,0.0
CHEVROLET,CHEVROLET CAPTIVA,16_5,0.0,0.0,1.0,0.0,0.0,0.0,195.0,1146.0,1231.0,1412.0,2207.0,1058.0,1295.0,444.0,0.0,0.0,0.0,0.0,0.0,0.0
CHEVROLET,CHEVROLET CORVETTE,16_6,0.0,14.0,12.0,18.0,3.0,4.0,16.0,2.0,0.0,0.0,0.0,0.0,0.0,0.0,0.0,0.0,0.0,0.0,0.0,0.0
CHEVROLET,CHEVROLET CRUZE,16_7,0.0,0.0,0.0,0.0,0.0,1.0,554.0,1522.0,1925.0,1382.0,1032.0,438.0,0.0,0.0,0.0,0.0,0.0,0.0,0.0,0.0
CHEVROLET,CHEVROLET EPICA,16_8,0.0,0.0,0.0,0.0,0.0,0.0,0.0,0.0,0.0,12.0,7.0,126.0,53.0,0.0,0.0,0.0,0.0,0.0,0.0,0.0
CHEVROLET,CHEVROLET KALOS,16_10,0.0,0.0,0.0,0.0,0.0,0.0,0.0,0.0,0.0,0.0,0.0,9.0,1398.0,1910.0,1252.0,1077.0,0.0,0.0,0.0,0.0
CHEVROLET,CHEVROLET LACETTI,16_11,0.0,0.0,0.0,0.0,0.0,1.0,0.0,0.0,0.0,139.0,349.0,1032.0,1130.0,936.0,782.0,465.0,0.0,0.0,0.0,0.0
CHEVROLET,CHEVROLET MATIZ,16_12,0.0,0.0,0.0,0.0,0.0,0.0,0.0,0.0,0.0,1.0,1176.0,5028.0,3630.0,3719.0,2336.0,1384.0,0.0,0.0,0.0,0.0
CHEVROLET,CHEVROLET ORLANDO,16_13,0.0,0.0,0.0,0.0,0.0,0.0,210.0,923.0,2218.0,1566.0,2.0,0.0,0.0,0.0,0.0,0.0,0.0,0.0,0.0,0.0
CHEVROLET,CHEVROLET SPARK,16_14,0.0,0.0,0.0,0.0,0.0,8.0,880.0,4208.0,4202.0,4300.0,3871.0,1.0,0.0,0.0,0.0,0.0,0.0,0.0,0.0,0.0
CHEVROLET,CHEVROLET TACUMA,16_16,0.0,0.0,0.0,0.0,0.0,0.0,0.0,0.0,0.0,1.0,2.0,13.0,285.0,447.0,246.0,208.0,0.0,0.0,0.0,0.0
CHEVROLET,CHEVROLET TRAX,16_18,0.0,0.0,0.0,1.0,0.0,1.0,549.0,1069.0,0.0,0.0,0.0,0.0,0.0,0.0,0.0,0.0,0.0,0.0,0.0,0.0
CHEVROLET,CHEVROLET VOLT,16_19,0.0,0.0,0.0,0.0,0.0,0.0,2.0,58.0,52.0,0.0,0.0,0.0,0.0,0.0,0.0,0.0,0.0,0.0,0.0,0.0
CHRYSLER,CHRYSLER 300,17_1,0.0,0.0,0.0,0.0,0.0,2.0,1.0,0.0,0.0,2.0,624.0,592.0,1106.0,1812.0,1510.0,162.0,0.0,0.0,0.0,0.0
CHRYSLER,CHRYSLER 300C,17_1,0.0,0.0,0.0,0.0,0.0,1.0,46.0,154.0,163.0,0.0,0.0,0.0,0.0,0.0,0.0,0.0,0.0,0.0,0.0,0.0
CHRYSLER,CHRYSLER CROSSFIRE,17_2,0.0,0.0,0.0,0.0,0.0,0.0,0.0,0.0,0.0,0.0,0.0,2.0,28.0,247.0,553.0,606.0,900.0,172.0,0.0,0.0
CHRYSLER,CHRYSLER DELTA,17_3,0.0,0.0,0.0,0.0,0.0,0.0,7.0,45.0,533.0,190.0,0.0,0.0,0.0,0.0,0.0,0.0,0.0,0.0,0.0,0.0
CHRYSLER,CHRYSLER GRAND VOYAGER,17_4,0.0,0.0,0.0,0.0,0.0,3.0,479.0,324.0,0.0,0.0,0.0,0.0,0.0,0.0,0.0,0.0,0.0,0.0,0.0,0.0
CHRYSLER,CHRYSLER NEON,17_5,0.0,0.0,0.0,0.0,0.0,0.0,0.0,0.0,0.0,0.0,0.0,0.0,0.0,1.0,2.0,0.0,15.0,74.0,68.0,83.0
CHRYSLER,CHRYSLER PT CRUISER,17_7,0.0,0.0,0.0,0.0,0.0,0.0,0.0,0.0,0.0,0.0,0.0,2.0,158.0,969.0,998.0,828.0,679.0,613.0,348.0,278.0
CHRYSLER,CHRYSLER SEBRING,17_8,0.0,0.0,0.0,0.0,0.0,0.0,0.0,0.0,0.0,0.0,3.0,495.0,437.0,154.0,0.0,2.0,1.0,1.0,4.0,6.0
CHRYSLER,CHRYSLER VOYAGER,17_9,1.0,0.0,0.0,0.0,0.0,0.0,1.0,0.0,371.0,515.0,490.0,679.0,1457.0,1806.0,2545.0,1968.0,1058.0,804.0,383.0,296.0
CHRYSLER,CHRYSLER YPSILON,17_10,0.0,0.0,0.0,0.0,0.0,122.0,1322.0,1744.0,1810.0,280.0,0.0,0.0,0.0,0.0,0.0,0.0,0.0,0.0,0.0,0.0
CITROEN,CITROEN BERLINGO,18_2,1701.0,3485.0,2393.0,2173.0,3224.0,3354.0,3672.0,4182.0,4226.0,3289.0,3470.0,5581.0,3023.0,2671.0,3184.0,3352.0,3898.0,3382.0,2050.0,977.0
CITROEN,CITROEN C1,18_6,3734.0,5272.0,6950.0,8700.0,18096.0,17960.0,13565.0,14089.0,14000.0,14241.0,13849.0,13160.0,12482.0,9916.0,6788.0,1067.0,0.0,0.0,0.0,0.0
CITROEN,CITROEN C2,18_7,0.0,0.0,0.0,0.0,0.0,0.0,0.0,0.0,0.0,2.0,370.0,3201.0,3183.0,4173.0,3995.0,4252.0,3772.0,448.0,0.0,0.0
CITROEN,CITROEN C3,18_8,12166.0,22544.0,24099.0,19398.0,11003.0,12819.0,14612.0,14408.0,16345.0,17470.0,21664.0,12376.0,7871.0,9758.0,9398.0,9608.0,8685.0,7594.0,2861.0,1.0
CITROEN,CITROEN C4,18_12,3524.0,8814.0,12323.0,15888.0,25948.0,29255.0,22378.0,13689.0,10971.0,10606.0,11256.0,11798.0,17460.0,15454.0,5431.0,3411.0,115.0,0.0,0.0,1.0
CITROEN,CITROEN C5,18_15,5086.0,6499.0,22.0,0.0,103.0,210.0,246.0,396.0,472.0,830.0,1918.0,3385.0,2427.0,923.0,1080.0,844.0,999.0,973.0,772.0,280.0
CITROEN,CITROEN C6,18_16,0.0,0.0,0.0,0.0,0.0,0.0,0.0,0.0,5.0,3.0,36.0,81.0,79.0,147.0,76.0,3.0,0.0,0.0,0.0,0.0
CITROEN,CITROEN C8,18_17,0.0,0.0,0.0,0.0,0.0,0.0,1.0,0.0,0.0,0.0,47.0,203.0,350.0,528.0,510.0,433.0,287.0,146.0,1.0,0.0
CITROEN,CITROEN C-CROSSER,18_4,0.0,0.0,0.0,0.0,0.0,0.0,0.0,0.0,17.0,38.0,542.0,677.0,901.0,347.0,0.0,0.0,0.0,0.0,0.0,0.0
CITROEN,CITROEN C-ZERO,18_5,0.0,1.0,0.0,6.0,22.0,1.0,3.0,52.0,85.0,36.0,0.0,0.0,0.0,0.0,0.0,0.0,0.0,0.0,0.0,0.0
CITROEN,CITROEN DISPATCH,18_18,1.0,93.0,22.0,86.0,112.0,284.0,342.0,243.0,184.0,151.0,249.0,254.0,169.0,96.0,84.0,67.0,22.0,7.0,9.0,0.0
CITROEN,CITROEN DS3,21_1,0.0,0.0,0.0,0.0,18.0,8557.0,18543.0,18843.0,15543.0,10242.0,4662.0,2.0,0.0,0.0,0.0,0.0,0.0,0.0,0.0,0.0
CITROEN,CITROEN DS4,21_3,0.0,0.0,1.0,0.0,11.0,1140.0,2369.0,3903.0,2618.0,1315.0,0.0,0.0,0.0,0.0,0.0,0.0,0.0,0.0,0.0,0.0
CITROEN,CITROEN DS5,21_5,0.0,0.0,0.0,0.0,0.0,403.0,1093.0,1892.0,1233.0,2.0,0.0,0.0,0.0,0.0,0.0,0.0,0.0,0.0,0.0,0.0
CITROEN,CITROEN NEMO,18_25,0.0,0.0,0.0,0.0,0.0,0.0,0.0,13.0,345.0,562.0,971.0,1241.0,0.0,0.0,0.0,0.0,0.0,0.0,0.0,0.0
CITROEN,CITROEN SAXO,18_26,0.0,0.0,0.0,0.0,0.0,0.0,0.0,0.0,0.0,0.0,0.0,0.0,0.0,0.0,0.0,0.0,116.0,1539.0,2033.0,2070.0
CITROEN,CITROEN SPACETOURER,18_27,229.0,717.0,895.0,419.0,33.0,0.0,0.0,0.0,0.0,0.0,0.0,0.0,0.0,0.0,0.0,0.0,0.0,0.0,0.0,0.0
CITROEN,CITROEN SYNERGIE,18_28,0.0,0.0,0.0,0.0,0.0,0.0,0.0,0.0,0.0,0.0,0.0,0.0,0.0,0.0,0.0,0.0,0.0,0.0,62.0,131.0
CITROEN,CITROEN XANTIA,18_31,0.0,0.0,1.0,0.0,0.0,0.0,0.0,0.0,0.0,0.0,0.0,0.0,0.0,0.0,0.0,0.0,0.0,0.0,0.0,46.0
CITROEN,CITROEN XSARA,18_29,0.0,0.0,0.0,0.0,0.0,1.0,0.0,1.0,0.0,1.0,1703.0,3538.0,5285.0,10704.0,12569.0,9813.0,9068.0,6125.0,4558.0,2902.0
CORVETTE,CORVETTE C6,19_1,0.0,0.0,0.0,0.0,0.0,0.0,0.0,0.0,0.0,0.0,0.0,6.0,1.0,10.0,0.0,4.0,0.0,0.0,0.0,0.0
DACIA,DACIA DUSTER,22_1,8264.0,14571.0,8538.0,6276.0,7097.0,5994.0,5944.0,6910.0,10.0,1.0,0.0,0.0,0.0,0.0,0.0,0.0,0.0,0.0,0.0,0.0
DACIA,DACIA LOGAN,22_2,794.0,2284.0,1783.0,2271.0,2824.0,3192.0,2270.0,462.0,0.0,0.0,0.0,0.0,0.0,0.0,0.0,0.0,0.0,0.0,0.0,0.0
DACIA,DACIA SANDERO,22_3,9344.0,12748.0,12542.0,14937.0,15091.0,15371.0,13608.0,7906.0,18.0,0.0,0.0,0.0,0.0,0.0,0.0,0.0,0.0,0.0,0.0,0.0
DAEWOO,DAEWOO KALOS,23_1,0.0,0.0,0.0,0.0,0.0,0.0,0.0,0.0,0.0,0.0,0.0,0.0,0.0,0.0,0.0,122.0,758.0,517.0,2.0,0.0
DAEWOO,DAEWOO LACETTI,23_2,0.0,0.0,0.0,0.0,0.0,0.0,0.0,0.0,0.0,0.0,0.0,0.0,0.0,0.0,0.0,145.0,178.0,0.0,0.0,0.0
DAEWOO,DAEWOO LANOS,23_6,0.0,0.0,0.0,0.0,0.0,0.0,0.0,0.0,0.0,0.0,0.0,0.0,0.0,0.0,0.0,0.0,2.0,10.0,87.0,82.0
DAEWOO,DAEWOO LEGANZA,23_7,0.0,0.0,0.0,0.0,0.0,0.0,0.0,0.0,0.0,0.0,0.0,0.0,0.0,0.0,0.0,0.0,0.0,2.0,11.0,5.0
DAEWOO,DAEWOO MATIZ,23_3,0.0,0.0,0.0,0.0,0.0,0.0,0.0,0.0,0.0,0.0,0.0,0.0,0.0,0.0,0.0,138.0,1050.0,488.0,395.0,362.0
DAEWOO,DAEWOO MUSSO,23_8,0.0,0.0,0.0,0.0,0.0,0.0,0.0,0.0,0.0,0.0,0.0,1.0,0.0,0.0,3.0,0.0,0.0,3.0,20.0,30.0
DAEWOO,DAEWOO NUBIRA,23_4,0.0,0.0,0.0,0.0,0.0,0.0,0.0,0.0,0.0,0.0,0.0,0.0,0.0,0.0,0.0,24.0,47.0,23.0,6.0,15.0
DAEWOO,DAEWOO TACUMA,23_5,0.0,0.0,0.0,0.0,0.0,0.0,0.0,0.0,0.0,0.0,0.0,0.0,0.0,0.0,0.0,8.0,124.0,60.0,24.0,21.0
DAIHATSU,DAIHATSU CHARADE,24_2,0.0,0.0,0.0,0.0,0.0,0.0,0.0,0.0,0.0,0.0,0.0,0.0,0.0,78.0,343.0,419.0,625.0,441.0,0.0,0.0
DAIHATSU,DAIHATSU COPEN,24_3,0.0,0.0,0.0,0.0,0.0,1.0,2.0,0.0,0.0,0.0,5.0,171.0,264.0,249.0,139.0,122.0,254.0,84.0,1.0,0.0
DAIHATSU,DAIHATSU CUORE,24_4,0.0,0.0,0.0,0.0,0.0,0.0,0.0,0.0,0.0,0.0,0.0,1.0,0.0,0.0,0.0,0.0,0.0,20.0,71.0,94.0
DAIHATSU,DAIHATSU FOURTRAK,24_5,0.0,0.0,0.0,0.0,0.0,0.0,0.0,0.0,0.0,0.0,0.0,0.0,0.0,0.0,0.0,0.0,0.0,0.0,11.0,112.0
DAIHATSU,DAIHATSU MATERIA,24_6,0.0,0.0,0.0,0.0,0.0,0.0,0.0,0.0,0.0,0.0,29.0,184.0,286.0,210.0,0.0,0.0,0.0,0.0,0.0,0.0
DAIHATSU,DAIHATSU SIRION,24_7,0.0,0.0,0.0,0.0,0.0,0.0,0.0,0.0,0.0,1.0,128.0,1048.0,2305.0,1788.0,1051.0,1059.0,175.0,216.0,228.0,142.0
DAIHATSU,DAIHATSU TERIOS,24_8,0.0,0.0,0.0,0.0,0.0,0.0,0.0,1.0,1.0,0.0,19.0,641.0,923.0,1326.0,927.0,639.0,369.0,357.0,203.0,128.0
DAIHATSU,DAIHATSU YRV,24_9,0.0,0.0,0.0,0.0,0.0,0.0,0.0,0.0,0.0,0.0,0.0,0.0,0.0,0.0,0.0,1.0,71.0,85.0,100.0,105.0
DODGE,DODGE AVENGER,26_1,0.0,0.0,0.0,0.0,0.0,0.0,0.0,0.0,0.0,0.0,0.0,133.0,353.0,64.0,0.0,0.0,0.0,0.0,0.0,0.0
DODGE,DODGE CALIBER,26_2,0.0,0.0,0.0,0.0,0.0,0.0,0.0,0.0,0.0,0.0,0.0,294.0,791.0,1015.0,748.0,0.0,0.0,0.0,0.0,0.0
DODGE,DODGE JOURNEY,26_5,1.0,4.0,4.0,1.0,0.0,1.0,0.0,1.0,0.0,0.0,584.0,613.0,87.0,0.0,0.0,0.0,0.0,0.0,0.0,0.0
DODGE,DODGE NITRO,26_6,0.0,0.0,0.0,0.0,0.0,0.0,0.0,0.0,0.0,1.0,0.0,640.0,885.0,285.0,0.0,0.0,0.0,0.0,0.0,0.0
DS,DS DS3,21_1,1738.0,2168.0,3173.0,6911.0,11872.0,6776.0,0.0,0.0,0.0,0.0,0.0,0.0,0.0,0.0,0.0,0.0,0.0,0.0,0.0,0.0
DS,DS DS4,21_3,0.0,2.0,386.0,990.0,2355.0,835.0,0.0,0.0,0.0,0.0,0.0,0.0,0.0,0.0,0.0,0.0,0.0,0.0,0.0,0.0
DS,DS DS5,21_5,0.0,5.0,122.0,272.0,574.0,416.0,0.0,0.0,0.0,0.0,0.0,0.0,0.0,0.0,0.0,0.0,0.0,0.0,0.0,0.0
DS,DS DS7,21_6,581.0,1457.0,913.0,5.0,0.0,0.0,0.0,0.0,0.0,0.0,0.0,0.0,0.0,0.0,0.0,0.0,0.0,0.0,0.0,0.0
FERRARI,FERRARI 360,27_2,0.0,0.0,0.0,0.0,0.0,0.0,0.0,0.0,0.0,0.0,0.0,0.0,0.0,0.0,0.0,19.0,72.0,103.0,105.0,85.0
FERRARI,FERRARI 430,27_3,0.0,0.0,0.0,0.0,0.0,0.0,0.0,0.0,0.0,0.0,2.0,21.0,18.0,0.0,0.0,0.0,0.0,0.0,0.0,0.0
FERRARI,FERRARI 458,27_6,0.0,0.0,1.0,1.0,5.0,180.0,216.0,290.0,224.0,115.0,44.0,0.0,0.0,0.0,0.0,0.0,0.0,0.0,0.0,0.0
FERRARI,FERRARI 488,27_7,261.0,274.0,387.0,356.0,236.0,8.0,0.0,0.0,0.0,0.0,0.0,0.0,0.0,0.0,0.0,0.0,0.0,0.0,0.0,0.0
FERRARI,FERRARI 575M,27_9,0.0,0.0,0.0,0.0,0.0,0.0,0.0,0.0,0.0,0.0,0.0,0.0,0.0,0.0,0.0,10.0,20.0,40.0,20.0,0.0
FERRARI,FERRARI 599,27_10,0.0,0.0,0.0,0.0,0.0,0.0,0.0,1.0,6.0,29.0,30.0,29.0,68.0,57.0,13.0,0.0,0.0,0.0,0.0,0.0
FERRARI,FERRARI 612,27_11,0.0,0.0,0.0,0.0,0.0,0.0,0.0,0.0,0.0,0.0,3.0,7.0,27.0,19.0,29.0,56.0,25.0,0.0,0.0,0.0
FERRARI,FERRARI CALIFORNIA,27_13,0.0,0.0,8.0,123.0,206.0,222.0,108.0,86.0,116.0,131.0,174.0,128.0,0.0,0.0,0.0,0.0,0.0,0.0,0.0,0.0
FERRARI,FERRARI F430,27_18,0.0,0.0,0.0,0.0,0.0,0.0,0.0,0.0,0.0,0.0,1.0,47.0,135.0,193.0,174.0,156.0,0.0,0.0,0.0,0.0
FERRARI,FERRARI FF,27_19,0.0,0.0,0.0,0.0,18.0,26.0,37.0,27.0,68.0,17.0,0.0,0.0,0.0,0.0,0.0,0.0,0.0,0.0,0.0,0.0
FERRARI,FERRARI LAFERRARI,27_21,0.0,1.0,1.0,5.0,7.0,7.0,10.0,1.0,0.0,0.0,0.0,0.0,0.0,0.0,0.0,0.0,0.0,0.0,0.0,0.0
FERRARI,FERRARI PORTOFINO,27_23,207.0,275.0,91.0,0.0,0.0,0.0,0.0,0.0,0.0,0.0,0.0,0.0,0.0,0.0,0.0,0.0,0.0,0.0,0.0,0.0
FIAT,FIAT 124,28_1,0.0,15.0,1231.0,776.0,625.0,0.0,0.0,0.0,0.0,0.0,0.0,0.0,0.0,0.0,0.0,0.0,0.0,0.0,0.0,0.0
FIAT,FIAT 500,28_2,13198.0,20425.0,24220.0,28129.0,47643.0,48914.0,49591.0,41336.0,29842.0,21944.0,22739.0,21268.0,12141.0,160.0,0.0,0.0,0.0,0.0,0.0,0.0
FIAT,FIAT 500L,28_4,217.0,417.0,674.0,195.0,2.0,55.0,149.0,1.0,0.0,0.0,0.0,0.0,0.0,0.0,0.0,0.0,0.0,0.0,0.0,0.0
FIAT,FIAT 500X,28_5,2074.0,3479.0,1728.0,255.0,0.0,0.0,0.0,0.0,0.0,0.0,0.0,0.0,0.0,0.0,0.0,0.0,0.0,0.0,0.0,0.0
FIAT,FIAT 850,28_6,0.0,0.0,0.0,0.0,0.0,0.0,0.0,0.0,0.0,0.0,0.0,1.0,0.0,0.0,0.0,0.0,0.0,0.0,0.0,0.0
FIAT,FIAT BARCHETTA,28_8,0.0,0.0,0.0,0.0,0.0,0.0,0.0,0.0,0.0,0.0,0.0,0.0,0.0,0.0,0.0,27.0,26.0,11.0,4.0,17.0
FIAT,FIAT BRAVA,28_9,0.0,0.0,0.0,0.0,0.0,0.0,0.0,0.0,0.0,0.0,0.0,0.0,0.0,0.0,0.0,0.0,0.0,0.0,4.0,81.0
FIAT,FIAT BRAVO,28_10,0.0,0.0,0.0,0.0,0.0,4.0,62.0,148.0,302.0,504.0,909.0,2218.0,3300.0,2926.0,0.0,0.0,0.0,0.0,5.0,44.0
FIAT,FIAT CROMA,28_11,0.0,0.0,0.0,0.0,0.0,0.0,0.0,0.0,0.0,0.0,0.0,0.0,0.0,33.0,188.0,63.0,0.0,0.0,0.0,0.0
FIAT,FIAT DOBLO,28_12,146.0,236.0,411.0,530.0,739.0,720.0,557.0,564.0,631.0,733.0,946.0,1472.0,1827.0,1766.0,1329.0,1049.0,960.0,528.0,235.0,47.0
FIAT,FIAT FIORINO,28_13,25.0,2.0,2.0,6.0,3.0,1.0,7.0,31.0,81.0,58.0,25.0,28.0,15.0,0.0,0.0,0.0,0.0,0.0,0.0,0.0
FIAT,FIAT IDEA,28_16,0.0,0.0,0.0,0.0,0.0,0.0,0.0,0.0,0.0,0.0,1.0,0.0,1.0,76.0,274.0,270.0,409.0,0.0,0.0,0.0
FIAT,FIAT MAREA,28_30,0.0,0.0,0.0,0.0,0.0,0.0,0.0,0.0,0.0,0.0,0.0,0.0,0.0,1.0,0.0,1.0,0.0,0.0,9.0,22.0
FIAT,FIAT MULTIPLA,28_17,0.0,0.0,0.0,0.0,0.0,0.0,0.0,0.0,0.0,77.0,163.0,145.0,195.0,217.0,167.0,251.0,224.0,188.0,94.0,74.0
FIAT,FIAT PANDA,28_18,1723.0,2537.0,2623.0,3445.0,4779.0,7930.0,7963.0,7580.0,6575.0,5707.0,9712.0,11531.0,6174.0,7012.0,5951.0,4836.0,4408.0,127.0,0.0,0.0
FIAT,FIAT PUNTO,28_19,0.0,0.0,311.0,1212.0,1711.0,2489.0,3722.0,4662.0,6643.0,6942.0,10441.0,11595.0,13231.0,19615.0,15739.0,4459.0,6977.0,4420.0,2452.0,1132.0
FIAT,FIAT QUBO,28_21,38.0,104.0,114.0,192.0,161.0,182.0,295.0,637.0,926.0,702.0,705.0,566.0,48.0,0.0,0.0,0.0,0.0,0.0,0.0,0.0
FIAT,FIAT SCUDO,28_22,0.0,0.0,0.0,0.0,10.0,5.0,12.0,184.0,9.0,90.0,88.0,201.0,370.0,167.0,3.0,1.0,2.0,0.0,0.0,2.0
FIAT,FIAT SEDICI,28_23,0.0,0.0,0.0,0.0,0.0,0.0,0.0,0.0,0.0,4.0,5.0,227.0,455.0,604.0,628.0,0.0,0.0,0.0,0.0,0.0
FIAT,FIAT SEICENTO,28_24,0.0,0.0,0.0,0.0,0.0,0.0,0.0,0.0,0.0,0.0,0.0,0.0,0.0,0.0,0.0,0.0,2.0,869.0,743.0,605.0
FIAT,FIAT STILO,28_26,0.0,0.0,0.0,0.0,0.0,0.0,0.0,0.0,0.0,0.0,0.0,0.0,0.0,159.0,525.0,418.0,799.0,493.0,225.0,0.0
FIAT,FIAT TALENTO,28_27,89.0,13.0,52.0,130.0,7.0,0.0,0.0,0.0,0.0,0.0,0.0,0.0,0.0,0.0,0.0,0.0,0.0,0.0,0.0,0.0
FIAT,FIAT TIPO,28_28,1005.0,1601.0,1935.0,5949.0,1134.0,0.0,0.0,0.0,0.0,0.0,0.0,0.0,0.0,0.0,0.0,0.0,0.0,0.0,0.0,0.0
FIAT,FIAT ULYSSE,28_29,0.0,0.0,0.0,0.0,0.0,0.0,0.0,0.0,0.0,0.0,0.0,0.0,0.0,0.0,1.0,123.0,173.0,64.0,15.0,26.0
FORD,FORD B-MAX,29_1,0.0,0.0,662.0,5232.0,7154.0,9841.0,13045.0,15027.0,3037.0,0.0,0.0,0.0,0.0,0.0,0.0,0.0,0.0,0.0,0.0,0.0
FORD,FORD C-MAX,29_2,0.0,2583.0,4753.0,7330.0,10640.0,12877.0,16161.0,17773.0,15424.0,17184.0,7482.0,7516.0,16842.0,8208.0,222.0,14.0,9.0,0.0,0.0,0.0
FORD,FORD COUGAR,29_3,0.0,0.0,0.0,0.0,0.0,0.0,0.0,0.0,0.0,0.0,0.0,0.0,0.0,0.0,0.0,0.0,0.0,0.0,5.0,167.0
FORD,FORD ECOSPORT,29_4,8895.0,24639.0,21921.0,13027.0,14555.0,10659.0,2592.0,10.0,0.0,0.0,0.0,0.0,0.0,0.0,0.0,0.0,0.0,0.0,0.0,0.0
FORD,FORD EDGE,29_5,1.0,990.0,1589.0,3856.0,2305.0,0.0,0.0,1.0,0.0,0.0,0.0,0.0,0.0,0.0,0.0,0.0,0.0,0.0,0.0,0.0
FORD,FORD ESCORT,29_7,0.0,0.0,2.0,0.0,3.0,0.0,1.0,1.0,0.0,0.0,0.0,0.0,1.0,0.0,1.0,0.0,1.0,0.0,1.0,86.0
FORD,FORD EXPLORER,29_9,0.0,0.0,0.0,1.0,0.0,0.0,0.0,0.0,0.0,0.0,0.0,0.0,0.0,0.0,1.0,0.0,3.0,1.0,1.0,10.0
FORD,FORD F150,29_11,0.0,0.0,0.0,0.0,0.0,1.0,0.0,0.0,1.0,0.0,0.0,0.0,0.0,0.0,0.0,0.0,0.0,1.0,0.0,0.0
FORD,FORD FIESTA,29_13,46739.0,74500.0,89564.0,87409.0,113568.0,125619.0,122815.0,113390.0,100228.0,87266.0,91353.0,100975.0,73429.0,73685.0,66133.0,43986.0,39201.0,32345.0,17090.0,6445.0
FORD,FORD FOCUS,29_14,37738.0,53901.0,47374.0,63283.0,64870.0,76895.0,77222.0,77782.0,73326.0,71077.0,64533.0,72711.0,70986.0,77257.0,68079.0,58824.0,43404.0,29093.0,24270.0,14364.0
FORD,FORD FREEDOM,29_40,142.0,85.0,250.0,492.0,325.0,0.0,0.0,0.0,0.0,0.0,0.0,0.0,0.0,0.0,0.0,0.0,0.0,0.0,0.0,0.0
FORD,FORD FUSION,29_18,0.0,1.0,1.0,1.0,0.0,1.0,2.0,0.0,831.0,2669.0,6267.0,9817.0,9892.0,9775.0,9490.0,7383.0,7530.0,7601.0,1089.0,0.0
FORD,FORD GALAXY,29_19,1589.0,2245.0,2901.0,4274.0,4480.0,2900.0,5039.0,4788.0,5774.0,5636.0,5453.0,5521.0,5540.0,5776.0,3668.0,3875.0,2763.0,2679.0,1345.0,875.0
FORD,FORD GRAND C-MAX,29_20,0.0,1058.0,2738.0,3631.0,6592.0,2557.0,1040.0,1297.0,158.0,2.0,0.0,0.0,0.0,0.0,0.0,0.0,0.0,0.0,0.0,0.0
FORD,FORD GT,29_22,0.0,0.0,8.0,0.0,0.0,0.0,0.0,0.0,0.0,0.0,0.0,0.0,1.0,2.0,13.0,15.0,0.0,0.0,0.0,0.0
FORD,FORD INDEPENDENCE,29_41,1041.0,1089.0,738.0,351.0,1.0,0.0,0.0,0.0,0.0,0.0,0.0,0.0,0.0,0.0,0.0,0.0,0.0,0.0,0.0,0.0
FORD,FORD KA,29_23,0.0,0.0,0.0,2.0,5499.0,13122.0,18490.0,18602.0,17120.0,16383.0,19267.0,19457.0,12296.0,10499.0,7394.0,5197.0,4503.0,3360.0,2943.0,1478.0
FORD,FORD KA+,29_24,7.0,10044.0,10768.0,13116.0,2760.0,0.0,0.0,0.0,0.0,0.0,0.0,0.0,0.0,0.0,0.0,0.0,0.0,0.0,0.0,0.0
FORD,FORD KUGA,29_25,15403.0,39672.0,38265.0,35323.0,33839.0,31140.0,23040.0,13018.0,9815.0,9585.0,10475.0,8915.0,3278.0,0.0,0.0,0.0,0.0,0.0,0.0,0.0
FORD,FORD MAVERICK,29_26,0.0,0.0,0.0,0.0,0.0,0.0,0.0,0.0,0.0,0.0,1.0,0.0,1.0,0.0,0.0,0.0,59.0,213.0,255.0,90.0
FORD,FORD MONDEO,29_27,1871.0,3836.0,7115.0,11345.0,16291.0,17937.0,12404.0,14016.0,18212.0,16107.0,22124.0,23669.0,25666.0,23237.0,15525.0,14079.0,9870.0,6222.0,4594.0,3915.0
FORD,FORD MONDEO TITANIUM,29_27,448.0,636.0,222.0,3.0,0.0,0.0,0.0,0.0,0.0,0.0,0.0,0.0,0.0,0.0,0.0,0.0,0.0,0.0,0.0,0.0
FORD,FORD MUSTANG,29_28,1043.0,1198.0,2028.0,1807.0,2367.0,268.0,33.0,28.0,24.0,20.0,44.0,33.0,106.0,121.0,133.0,181.0,21.0,13.0,8.0,10.0
FORD,FORD PUMA,29_29,25750.0,180.0,0.0,0.0,0.0,0.0,0.0,0.0,0.0,0.0,0.0,0.0,0.0,0.0,0.0,0.0,0.0,1.0,768.0,1074.0
FORD,FORD RANGER,29_30,0.0,1.0,7.0,1.0,0.0,0.0,0.0,1.0,0.0,0.0,0.0,0.0,0.0,0.0,0.0,0.0,0.0,1.0,1.0,1.0
FORD,FORD S-MAX,29_31,1169.0,2141.0,2416.0,5176.0,6968.0,3397.0,6858.0,6711.0,7589.0,7119.0,10503.0,7822.0,7110.0,8408.0,3515.0,1.0,0.0,0.0,0.0,0.0
FORD,FORD STREETKA,29_32,0.0,0.0,0.0,0.0,0.0,0.0,0.0,0.0,0.0,0.0,0.0,0.0,0.0,1.0,529.0,1357.0,1170.0,940.0,0.0,0.0
FORD,FORD TOURNEO CONNECT,29_34,2054.0,1874.0,1120.0,1790.0,2295.0,1718.0,113.0,1.0,0.0,0.0,7.0,1.0,5.0,5.0,0.0,2.0,1.0,2.0,0.0,0.0
FORD,FORD TOURNEO COURIER,29_39,291.0,1130.0,8.0,0.0,0.0,0.0,0.0,0.0,0.0,0.0,0.0,0.0,0.0,0.0,0.0,0.0,0.0,0.0,0.0,0.0
FORD,FORD TOURNEO CUSTOM,29_35,2697.0,3097.0,3333.0,2600.0,1398.0,2029.0,898.0,307.0,0.0,0.0,0.0,0.0,0.0,0.0,0.0,0.0,0.0,0.0,0.0,0.0
FORD,FORD TRANSIT CONNECT,29_36,39.0,225.0,322.0,174.0,245.0,324.0,124.0,329.0,224.0,18.0,16.0,21.0,36.0,33.0,22.0,9.0,24.0,14.0,21.0,13.0
FORD,FORD TRANSIT COURIER,29_37,16.0,55.0,24.0,0.0,8.0,1.0,13.0,0.0,0.0,0.0,0.0,0.0,0.0,0.0,0.0,0.0,0.0,0.0,0.0,0.0
FORD,FORD TRANSIT CUSTOM,29_38,232.0,500.0,202.0,148.0,96.0,289.0,351.0,122.0,0.0,0.0,0.0,0.0,0.0,1.0,0.0,0.0,0.0,0.0,0.0,0.0
HONDA,HONDA ACCORD,34_1,3.0,1.0,3.0,6.0,2.0,168.0,446.0,519.0,1309.0,1428.0,1526.0,3764.0,3985.0,5179.0,5192.0,5419.0,4663.0,2927.0,1297.0,1275.0
HONDA,HONDA CIVIC,34_2,5648.0,12489.0,13638.0,14311.0,16278.0,15198.0,14741.0,15771.0,13703.0,11781.0,18386.0,22363.0,27536.0,33661.0,25219.0,19748.0,17205.0,13894.0,12113.0,9009.0
HONDA,HONDA CRV,34_3,0.0,44.0,8207.0,11754.0,14558.0,14660.0,15363.0,14649.0,12897.0,10448.0,10678.0,10689.0,12371.0,17925.0,12396.0,12205.0,8441.0,7782.0,5648.0,2361.0
HONDA,HONDA CR-V,34_3,5420.0,7873.0,1389.0,0.0,1.0,0.0,1.0,1.0,0.0,0.0,0.0,1.0,0.0,0.0,0.0,0.0,0.0,0.0,0.0,0.0
HONDA,HONDA CR-Z,34_4,0.0,0.0,0.0,0.0,0.0,23.0,165.0,295.0,629.0,1458.0,1300.0,0.0,0.0,0.0,0.0,0.0,0.0,0.0,0.0,0.0
HONDA,HONDA FR-V,34_7,0.0,0.0,0.0,0.0,0.0,0.0,0.0,0.0,0.0,0.0,79.0,1369.0,2048.0,2278.0,2579.0,2168.0,320.0,0.0,0.0,0.0
HONDA,HONDA HR-V,34_8,3586.0,4663.0,5946.0,5726.0,6839.0,2754.0,0.0,0.0,0.0,0.0,0.0,0.0,0.0,1.0,37.0,289.0,373.0,424.0,795.0,820.0
HONDA,HONDA INSIGHT,34_9,0.0,1.0,0.0,0.0,0.0,3.0,232.0,422.0,1289.0,1768.0,2882.0,2139.0,2.0,0.0,2.0,7.0,4.0,3.0,33.0,61.0
HONDA,HONDA INTEGRA,34_10,0.0,0.0,0.0,0.0,0.0,0.0,0.0,0.0,0.0,0.0,0.0,0.0,0.0,1.0,9.0,28.0,40.0,48.0,84.0,101.0
HONDA,HONDA JAZZ,34_11,10537.0,16262.0,19585.0,17322.0,18273.0,17661.0,19598.0,20605.0,21027.0,19715.0,22439.0,24844.0,22718.0,23782.0,24300.0,21078.0,15897.0,9728.0,5099.0,2.0
HONDA,HONDA LEGEND,34_12,0.0,0.0,0.0,0.0,0.0,0.0,0.0,0.0,0.0,0.0,0.0,70.0,111.0,132.0,95.0,1.0,2.0,4.0,17.0,24.0
HONDA,HONDA NSX,34_13,4.0,9.0,11.0,44.0,7.0,0.0,0.0,0.0,0.0,0.0,0.0,0.0,0.0,0.0,0.0,10.0,3.0,7.0,12.0,2.0
HONDA,HONDA ODYSSEY,34_14,0.0,1.0,2.0,1.0,6.0,3.0,7.0,2.0,8.0,3.0,3.0,8.0,10.0,4.0,5.0,10.0,11.0,7.0,2.0,7.0
HONDA,HONDA PRELUDE,34_19,0.0,0.0,0.0,0.0,0.0,0.0,0.0,0.0,0.0,0.0,0.0,0.0,1.0,1.0,0.0,0.0,0.0,1.0,0.0,0.0
HONDA,HONDA S2000,34_16,0.0,0.0,0.0,0.0,0.0,0.0,0.0,0.0,0.0,0.0,4.0,248.0,201.0,345.0,397.0,575.0,555.0,573.0,540.0,207.0
HONDA,HONDA STEPWAGON,34_17,0.0,0.0,0.0,0.0,0.0,1.0,3.0,0.0,6.0,3.0,11.0,19.0,27.0,28.0,33.0,51.0,34.0,29.0,6.0,12.0
HONDA,HONDA STREAM,34_18,0.0,0.0,0.0,0.0,0.0,0.0,0.0,0.0,0.0,0.0,1.0,4.0,2.0,2.0,4.0,57.0,210.0,166.0,390.0,311.0
HUMMER,HUMMER H2,35_2,0.0,0.0,0.0,0.0,0.0,0.0,0.0,0.0,0.0,1.0,1.0,1.0,6.0,1.0,2.0,4.0,4.0,2.0,0.0,0.0
HUMMER,HUMMER H3,35_3,0.0,0.0,0.0,0.0,0.0,0.0,0.0,0.0,0.0,0.0,0.0,5.0,26.0,30.0,8.0,6.0,0.0,0.0,0.0,0.0
HYUNDAI,HYUNDAI ACCENT,36_1,0.0,0.0,0.0,0.0,0.0,0.0,0.0,1.0,1.0,0.0,0.0,23.0,163.0,361.0,389.0,620.0,424.0,336.0,575.0,339.0
HYUNDAI,HYUNDAI AMICA,36_2,0.0,0.0,0.0,0.0,0.0,0.0,0.0,0.0,0.0,0.0,0.0,0.0,1285.0,3118.0,2793.0,0.0,0.0,36.0,853.0,761.0
HYUNDAI,HYUNDAI COUPE,36_3,0.0,0.0,0.0,0.0,0.0,0.0,0.0,0.0,0.0,0.0,0.0,1436.0,1462.0,2269.0,2011.0,1438.0,931.0,570.0,336.0,219.0
HYUNDAI,HYUNDAI ELANTRA,36_4,0.0,0.0,0.0,0.0,0.0,0.0,0.0,0.0,0.0,0.0,0.0,0.0,0.0,0.0,53.0,99.0,76.0,69.0,72.0,45.0
HYUNDAI,HYUNDAI GENESIS,36_5,0.0,0.0,0.0,3.0,19.0,17.0,3.0,1.0,0.0,0.0,0.0,0.0,0.0,0.0,0.0,0.0,0.0,0.0,0.0,0.0
HYUNDAI,HYUNDAI GETZ,36_6,0.0,0.0,0.0,0.0,0.0,0.0,0.0,0.0,0.0,0.0,0.0,523.0,5693.0,6628.0,6230.0,5811.0,5418.0,2870.0,289.0,0.0
HYUNDAI,HYUNDAI GRANDEUR,36_7,0.0,0.0,0.0,0.0,0.0,0.0,0.0,0.0,0.0,0.0,4.0,2.0,4.0,14.0,1.0,1.0,0.0,0.0,0.0,0.0
HYUNDAI,HYUNDAI I10,36_8,6452.0,17947.0,20719.0,23664.0,22569.0,22639.0,23655.0,21435.0,21361.0,18439.0,20912.0,21758.0,5668.0,0.0,0.0,0.0,0.0,0.0,0.0,0.0
HYUNDAI,HYUNDAI I20,36_9,4207.0,7393.0,8877.0,11863.0,14178.0,13198.0,13696.0,13275.0,10308.0,10710.0,11182.0,11244.0,123.0,0.0,0.0,0.0,0.0,0.0,0.0,0.0
HYUNDAI,HYUNDAI I30,36_10,1650.0,4281.0,7491.0,7090.0,10402.0,14649.0,10562.0,11234.0,9627.0,10385.0,12273.0,11059.0,3480.0,1226.0,0.0,0.0,0.0,0.0,0.0,0.0
HYUNDAI,HYUNDAI I40,36_12,6.0,524.0,1324.0,2865.0,4019.0,4120.0,4300.0,3403.0,3917.0,713.0,0.0,0.0,0.0,0.0,0.0,0.0,0.0,0.0,0.0,0.0
HYUNDAI,HYUNDAI I800,36_13,79.0,1734.0,1124.0,1327.0,1014.0,154.0,152.0,213.0,965.0,566.0,525.0,199.0,161.0,0.0,0.0,0.0,0.0,0.0,0.0,0.0
HYUNDAI,HYUNDAI IONIQ,36_14,7096.0,8310.0,7263.0,4818.0,421.0,0.0,0.0,0.0,0.0,0.0,0.0,0.0,0.0,0.0,0.0,0.0,0.0,0.0,0.0,0.0
HYUNDAI,HYUNDAI IX20,36_15,119.0,1564.0,2241.0,3876.0,3779.0,3413.0,3619.0,3509.0,3725.0,3857.0,371.0,0.0,0.0,0.0,0.0,0.0,0.0,0.0,0.0,0.0
HYUNDAI,HYUNDAI IX35,36_16,0.0,0.0,0.0,2.0,336.0,12819.0,14744.0,11562.0,9282.0,5823.0,3370.0,0.0,0.0,0.0,0.0,0.0,0.0,0.0,0.0,0.0
HYUNDAI,HYUNDAI KONA,36_17,12073.0,8561.0,6508.0,425.0,0.0,0.0,0.0,0.0,0.0,0.0,0.0,0.0,0.0,0.0,0.0,0.0,0.0,0.0,0.0,0.0
HYUNDAI,HYUNDAI LANTRA,36_4,0.0,0.0,0.0,0.0,0.0,0.0,0.0,1.0,0.0,0.0,0.0,0.0,0.0,0.0,0.0,0.0,0.0,0.0,0.0,7.0
HYUNDAI,HYUNDAI MATRIX,36_18,0.0,0.0,0.0,0.0,0.0,0.0,0.0,0.0,0.0,6.0,214.0,393.0,723.0,1133.0,1338.0,1318.0,880.0,466.0,224.0,28.0
HYUNDAI,HYUNDAI SANTA FE,36_20,544.0,1182.0,2071.0,2827.0,4525.0,3179.0,2720.0,1554.0,3427.0,3830.0,3698.0,942.0,1320.0,2117.0,2539.0,1707.0,1456.0,900.0,419.0,117.0
HYUNDAI,HYUNDAI SONATA,36_21,0.0,0.0,0.0,0.0,0.0,0.0,0.0,0.0,0.0,1.0,31.0,69.0,79.0,181.0,196.0,170.0,88.0,72.0,42.0,19.0
HYUNDAI,HYUNDAI TERRACAN,36_22,0.0,0.0,0.0,0.0,0.0,0.0,0.0,0.0,0.0,0.0,0.0,0.0,0.0,370.0,462.0,735.0,598.0,215.0,0.0,0.0
HYUNDAI,HYUNDAI TRAJET,36_23,0.0,0.0,0.0,0.0,0.0,0.0,0.0,0.0,0.0,0.0,0.0,0.0,0.0,14.0,255.0,356.0,201.0,129.0,73.0,33.0
HYUNDAI,HYUNDAI TUCSON,36_24,12887.0,25445.0,25419.0,24127.0,21703.0,5161.0,1.0,0.0,1.0,0.0,323.0,820.0,973.0,1868.0,2660.0,2366.0,669.0,1.0,0.0,0.0
HYUNDAI,HYUNDAI VELOSTER,36_25,0.0,0.0,0.0,0.0,0.0,22.0,143.0,880.0,1517.0,13.0,0.0,0.0,0.0,0.0,0.0,0.0,0.0,0.0,0.0,0.0
INFINITI,INFINITI FX30,37_2,0.0,0.0,0.0,0.0,0.0,0.0,2.0,192.0,175.0,124.0,24.0,0.0,0.0,0.0,0.0,0.0,0.0,0.0,0.0,0.0
INFINITI,INFINITI Q30,37_5,0.0,208.0,312.0,2505.0,1764.0,10.0,0.0,0.0,1.0,0.0,0.0,0.0,0.0,0.0,0.0,0.0,0.0,0.0,0.0,0.0
INFINITI,INFINITI Q50,37_6,0.0,18.0,258.0,400.0,633.0,765.0,428.0,19.0,0.0,0.0,0.0,0.0,0.0,0.0,0.0,0.0,0.0,0.0,0.0,0.0
INFINITI,INFINITI Q60,37_7,0.0,3.0,60.0,89.0,15.0,3.0,8.0,0.0,0.0,0.0,0.0,0.0,0.0,0.0,0.0,0.0,0.0,0.0,0.0,0.0
INFINITI,INFINITI Q70,37_8,0.0,1.0,4.0,132.0,84.0,141.0,12.0,0.0,0.0,0.0,0.0,0.0,0.0,0.0,0.0,0.0,0.0,0.0,0.0,0.0
INFINITI,INFINITI QX30,37_9,0.0,48.0,85.0,131.0,53.0,0.0,0.0,0.0,0.0,0.0,0.0,0.0,0.0,0.0,0.0,0.0,0.0,0.0,0.0,0.0
INFINITI,INFINITI QX50,37_10,0.0,0.0,0.0,0.0,33.0,27.0,8.0,0.0,0.0,0.0,0.0,0.0,0.0,0.0,0.0,0.0,0.0,0.0,0.0,0.0
INFINITI,INFINITI QX70,37_11,0.0,0.0,0.0,10.0,143.0,109.0,150.0,9.0,0.0,0.0,0.0,0.0,0.0,0.0,0.0,0.0,0.0,0.0,0.0,0.0
ISUZU,ISUZU D-MAX,38_2,0.0,1.0,6.0,0.0,1.0,0.0,0.0,0.0,0.0,0.0,0.0,0.0,3.0,0.0,0.0,0.0,0.0,0.0,0.0,0.0
ISUZU,ISUZU TROOPER,38_4,0.0,0.0,0.0,0.0,0.0,0.0,0.0,0.0,0.0,0.0,0.0,0.0,0.0,0.0,0.0,120.0,246.0,318.0,451.0,263.0
JAGUAR,JAGUAR EAGLE,39_14,52.0,78.0,88.0,96.0,81.0,96.0,94.0,85.0,95.0,52.0,24.0,23.0,24.0,23.0,19.0,9.0,1.0,0.0,0.0,0.0
JAGUAR,JAGUAR E-PACE,39_1,6130.0,10661.0,10141.0,211.0,0.0,0.0,0.0,0.0,0.0,0.0,0.0,0.0,0.0,0.0,0.0,0.0,0.0,0.0,0.0,0.0
JAGUAR,JAGUAR F TYPE,39_3,643.0,753.0,1448.0,1968.0,1976.0,1891.0,1981.0,1080.0,2.0,0.0,0.0,0.0,0.0,0.0,0.0,0.0,0.0,0.0,0.0,0.0
JAGUAR,JAGUAR F-PACE,39_2,6478.0,9629.0,10458.0,12179.0,7590.0,10.0,0.0,0.0,0.0,0.0,0.0,0.0,0.0,0.0,0.0,0.0,0.0,0.0,0.0,0.0
JAGUAR,JAGUAR F-TYPE,39_3,302.0,705.0,248.0,0.0,0.0,0.0,0.0,1.0,0.0,0.0,0.0,0.0,0.0,0.0,0.0,0.0,0.0,0.0,0.0,0.0
JAGUAR,JAGUAR I-PACE,39_13,8218.0,3935.0,708.0,0.0,0.0,0.0,0.0,0.0,0.0,0.0,0.0,0.0,0.0,0.0,0.0,0.0,0.0,0.0,0.0,0.0
JAGUAR,JAGUAR S TYPE,39_4,0.0,0.0,0.0,0.0,0.0,0.0,0.0,0.0,0.0,0.0,0.0,1.0,12.0,2774.0,2622.0,2640.0,2902.0,2394.0,1928.0,1320.0
JAGUAR,JAGUAR X TYPE,39_5,0.0,0.0,0.0,0.0,0.0,0.0,0.0,0.0,0.0,1.0,195.0,5040.0,6519.0,6159.0,6757.0,6310.0,6111.0,4397.0,2979.0,1203.0
JAGUAR,JAGUAR XE SERIES,39_6,1619.0,4478.0,5585.0,10692.0,12422.0,8855.0,1.0,0.0,0.0,0.0,0.0,0.0,0.0,0.0,0.0,0.0,0.0,0.0,0.0,0.0
JAGUAR,JAGUAR XF SERIES,39_7,1292.0,3235.0,5549.0,7023.0,8709.0,10025.0,12452.0,11370.0,10449.0,8967.0,10615.0,8134.0,6529.0,61.0,0.0,1.0,0.0,0.0,0.0,0.0
JAGUAR,JAGUAR XJ SERIES,39_8,166.0,400.0,710.0,884.0,1086.0,972.0,1038.0,1148.0,1027.0,1557.0,1397.0,559.0,942.0,1309.0,1477.0,1257.0,1903.0,2080.0,679.0,731.0
JAGUAR,JAGUAR XK SERIES,39_9,0.0,0.0,0.0,0.0,0.0,107.0,1060.0,783.0,809.0,1102.0,1302.0,1121.0,1276.0,2135.0,1930.0,878.0,832.0,902.0,916.0,1085.0
JEEP,JEEP CHEROKEE,40_1,4.0,25.0,321.0,558.0,1487.0,2122.0,1218.0,137.0,592.0,304.0,750.0,841.0,970.0,2422.0,3348.0,2694.0,2668.0,2377.0,1826.0,1057.0
JEEP,JEEP COMMANDER,40_2,0.0,0.0,0.0,0.0,0.0,0.0,0.0,0.0,0.0,0.0,0.0,84.0,18.0,482.0,346.0,0.0,0.0,0.0,0.0,0.0
JEEP,JEEP COMPASS,40_3,1652.0,2969.0,2319.0,18.0,0.0,4.0,434.0,574.0,892.0,887.0,5.0,81.0,136.0,105.0,1.0,0.0,0.0,0.0,0.0,0.0
JEEP,JEEP GRAND CHEROKEE,40_4,64.0,249.0,412.0,861.0,986.0,1352.0,1522.0,922.0,57.0,0.0,0.0,0.0,0.0,1.0,0.0,1.0,0.0,0.0,0.0,0.0
JEEP,JEEP PATRIOT,40_5,0.0,0.0,0.0,0.0,0.0,0.0,1.0,1.0,0.0,397.0,759.0,557.0,1312.0,460.0,0.0,0.0,0.0,0.0,0.0,0.0
JEEP,JEEP RENEGADE,40_6,1898.0,1798.0,2314.0,3953.0,10422.0,5874.0,0.0,0.0,0.0,0.0,0.0,0.0,0.0,0.0,0.0,0.0,0.0,0.0,0.0,0.0
JEEP,JEEP WRANGLER,40_7,755.0,621.0,365.0,248.0,257.0,484.0,330.0,209.0,154.0,120.0,153.0,310.0,178.0,222.0,90.0,79.0,131.0,136.0,126.0,176.0
KIA,KIA CARENS,43_1,0.0,87.0,1535.0,1764.0,1811.0,2211.0,2305.0,1506.0,127.0,459.0,479.0,1799.0,1956.0,1187.0,838.0,481.0,336.0,199.0,24.0,36.0
KIA,KIA CEED,43_2,4053.0,9763.0,8519.0,7692.0,8583.0,10038.0,10192.0,10630.0,12737.0,8692.0,10526.0,9787.0,7187.0,4052.0,0.0,0.0,0.0,0.0,0.0,0.0
KIA,KIA CERATO,43_3,0.0,0.0,0.0,0.0,0.0,0.0,0.0,0.0,0.0,0.0,0.0,0.0,0.0,125.0,776.0,833.0,220.0,0.0,0.0,0.0
KIA,KIA CLARUS,43_3,1.0,0.0,0.0,0.0,0.0,0.0,0.0,0.0,0.0,0.0,0.0,0.0,0.0,0.0,0.0,0.0,0.0,0.0,0.0,2.0
KIA,KIA MAGENTIS,43_4,0.0,0.0,0.0,0.0,0.0,0.0,0.0,0.0,0.0,1.0,158.0,196.0,117.0,208.0,251.0,157.0,108.0,62.0,26.0,7.0
KIA,KIA MENTOR,43_17,0.0,0.0,0.0,0.0,0.0,0.0,0.0,0.0,0.0,0.0,0.0,0.0,0.0,0.0,0.0,0.0,2.0,0.0,16.0,10.0
KIA,KIA NIRO,43_5,18234.0,8932.0,6089.0,4047.0,1197.0,0.0,0.0,0.0,0.0,0.0,0.0,0.0,0.0,0.0,0.0,0.0,0.0,0.0,0.0,0.0
KIA,KIA OPTIMA,43_6,131.0,1723.0,2731.0,3267.0,1272.0,646.0,672.0,381.0,799.0,34.0,0.0,0.0,0.0,0.0,0.0,0.0,0.0,0.0,0.0,0.0
KIA,KIA PICANTO,43_7,8935.0,17372.0,15738.0,12866.0,12588.0,13631.0,14575.0,12910.0,13392.0,11119.0,14469.0,14514.0,3860.0,4010.0,6687.0,6392.0,3556.0,0.0,0.0,0.0
KIA,KIA PRO CEED,43_8,936.0,1814.0,519.0,906.0,1214.0,1327.0,1588.0,1054.0,0.0,0.0,0.0,0.0,0.0,0.0,0.0,0.0,0.0,0.0,0.0,0.0
KIA,KIA RIO,43_9,3395.0,4854.0,5621.0,7998.0,8936.0,11499.0,11445.0,10386.0,9588.0,7734.0,7450.0,6429.0,3108.0,2018.0,1845.0,1214.0,851.0,504.0,247.0,73.0
KIA,KIA SEDONA,43_10,3.0,0.0,0.0,0.0,1.0,0.0,1.0,0.0,137.0,787.0,928.0,703.0,1614.0,1727.0,1405.0,1110.0,800.0,335.0,88.0,32.0
KIA,KIA SHUMA,43_17,0.0,0.0,0.0,0.0,0.0,0.0,0.0,0.0,0.0,0.0,0.0,0.0,0.0,0.0,0.0,0.0,7.0,37.0,32.0,27.0
KIA,KIA SORENTO,43_11,1161.0,2724.0,2752.0,3126.0,3182.0,4082.0,2958.0,2205.0,2046.0,1835.0,2128.0,1723.0,1450.0,2137.0,3725.0,2507.0,1726.0,561.0,0.0,0.0
KIA,KIA SOUL,43_12,871.0,339.0,1920.0,1645.0,2129.0,2589.0,2689.0,1294.0,1660.0,3531.0,3128.0,2462.0,0.0,0.0,0.0,0.0,0.0,0.0,0.0,1.0
KIA,KIA SPORTAGE,43_13,17323.0,32594.0,34280.0,35672.0,37482.0,21628.0,19877.0,18981.0,13582.0,8320.0,4919.0,3225.0,2402.0,2476.0,2430.0,2537.0,14.0,95.0,30.0,36.0
KIA,KIA STINGER,43_14,4.0,42.0,0.0,0.0,0.0,0.0,0.0,0.0,0.0,0.0,0.0,0.0,0.0,0.0,0.0,0.0,0.0,0.0,0.0,0.0
KIA,KIA STONIC,43_15,4502.0,8099.0,6753.0,699.0,0.0,0.0,0.0,0.0,0.0,0.0,0.0,0.0,0.0,0.0,0.0,0.0,0.0,0.0,0.0,0.0
KIA,KIA STINGER,43_14,198.0,852.0,623.0,124.0,0.0,0.0,0.0,0.0,0.0,0.0,0.0,0.0,0.0,0.0,0.0,0.0,0.0,0.0,0.0,0.0
KIA,KIA VENGA,43_16,0.0,2608.0,3641.0,5478.0,5686.0,6239.0,5526.0,5768.0,5155.0,4577.0,3295.0,26.0,0.0,0.0,0.0,0.0,0.0,0.0,0.0,0.0
KIA,KIA XCEED,43_19,6370.0,813.0,0.0,0.0,0.0,0.0,0.0,0.0,0.0,0.0,0.0,0.0,0.0,0.0,0.0,0.0,0.0,0.0,0.0,0.0
LAMBORGHINI,LAMBORGHINI AVENTADOR,45_1,63.0,89.0,97.0,65.0,61.0,39.0,31.0,29.0,19.0,5.0,0.0,0.0,0.0,0.0,0.0,0.0,0.0,0.0,0.0,0.0
LAMBORGHINI,LAMBORGHINI DIABLO,45_2,0.0,0.0,0.0,0.0,0.0,0.0,0.0,0.0,0.0,0.0,0.0,0.0,0.0,0.0,0.0,0.0,0.0,0.0,1.0,5.0
LAMBORGHINI,LAMBORGHINI GALLARDO,45_3,0.0,0.0,0.0,0.0,0.0,0.0,7.0,24.0,39.0,28.0,26.0,30.0,48.0,72.0,43.0,25.0,39.0,2.0,0.0,0.0
LAMBORGHINI,LAMBORGHINI HURACAN,45_4,96.0,160.0,172.0,87.0,62.0,87.0,19.0,0.0,0.0,0.0,0.0,0.0,0.0,0.0,0.0,0.0,0.0,0.0,0.0,0.0
LAMBORGHINI,LAMBORGHINI MURCIELAGO,45_5,0.0,0.0,0.0,0.0,0.0,0.0,0.0,0.0,0.0,0.0,3.0,5.0,12.0,7.0,2.0,5.0,7.0,7.0,9.0,0.0
LAND ROVER,LAND ROVER 110,47_1,0.0,1.0,2.0,0.0,0.0,0.0,0.0,0.0,1.0,1.0,0.0,0.0,0.0,0.0,0.0,2.0,2.0,2.0,0.0,1.0
LAND ROVER,LAND ROVER DEFENDER,47_5,4296.0,1.0,0.0,0.0,2.0,16.0,27.0,13.0,8.0,7.0,690.0,1061.0,1451.0,1540.0,1386.0,1494.0,1359.0,1350.0,813.0,127.0
LAND ROVER,LAND ROVER DISCOVERY,47_6,15762.0,22509.0,26722.0,33138.0,31681.0,23571.0,7066.0,5869.0,6664.0,6017.0,6809.0,5622.0,5598.0,8251.0,9712.0,9904.0,7746.0,7043.0,5881.0,5174.0
LAND ROVER,LAND ROVER FREELANDER,47_11,0.0,0.0,0.0,0.0,26.0,42.0,11647.0,13265.0,10553.0,12448.0,14631.0,10409.0,11822.0,16295.0,9213.0,9834.0,9459.0,6830.0,5114.0,2734.0
LAND ROVER,LAND ROVER RANGE ROVER,47_13,36052.0,48419.0,45902.0,42860.0,41679.0,37174.0,31705.0,29258.0,24856.0,13994.0,9955.0,7992.0,8007.0,10975.0,10701.0,7613.0,4092.0,3751.0,2499.0,1525.0
LEXUS,LEXUS CT 200,48_1,1245.0,1815.0,2606.0,2788.0,2827.0,3361.0,3687.0,3647.0,4184.0,3779.0,0.0,0.0,0.0,0.0,0.0,0.0,0.0,0.0,0.0,0.0
LEXUS,LEXUS ES 300,48_32,1058.0,931.0,0.0,0.0,0.0,0.0,0.0,0.0,0.0,0.0,0.0,0.0,0.0,0.0,0.0,0.0,0.0,0.0,0.0,0.0
LEXUS,LEXUS GS 250,48_2,0.0,0.0,0.0,0.0,0.0,0.0,5.0,362.0,240.0,0.0,0.0,0.0,0.0,0.0,0.0,0.0,0.0,0.0,0.0,0.0
LEXUS,LEXUS GS 300,48_2,0.0,3.0,205.0,309.0,491.0,0.0,0.0,0.0,0.0,0.0,0.0,0.0,0.0,0.0,0.0,0.0,0.0,0.0,0.0,0.0
LEXUS,LEXUS GS 450,48_2,0.0,0.0,21.0,29.0,46.0,42.0,75.0,170.0,335.0,67.0,179.0,233.0,391.0,520.0,386.0,0.0,0.0,0.0,0.0,0.0
LEXUS,LEXUS GS300,48_2,0.0,0.0,0.0,0.0,4.0,340.0,433.0,63.0,0.0,0.0,1.0,106.0,190.0,364.0,534.0,895.0,108.0,184.0,227.0,204.0
LEXUS,LEXUS IS F,48_8,0.0,0.0,0.0,0.0,0.0,0.0,0.0,10.0,8.0,28.0,31.0,32.0,67.0,0.0,0.0,0.0,0.0,0.0,0.0,0.0
LEXUS,LEXUS IS200,48_8,0.0,0.0,0.0,17.0,69.0,43.0,0.0,0.0,128.0,549.0,89.0,0.0,0.0,0.0,0.0,1072.0,2045.0,1849.0,1522.0,1291.0
LEXUS,LEXUS IS220,48_8,0.0,0.0,0.0,0.0,0.0,0.0,0.0,0.0,1.0,21.0,937.0,1494.0,1934.0,2998.0,2174.0,37.0,0.0,0.0,0.0,0.0
LEXUS,LEXUS IS250,48_8,0.0,0.0,0.0,0.0,0.0,68.0,205.0,199.0,765.0,964.0,1443.0,1427.0,1810.0,2395.0,2387.0,954.0,0.0,0.0,0.0,0.0
LEXUS,LEXUS IS300,48_8,555.0,1134.0,1411.0,1427.0,1852.0,2613.0,2869.0,1477.0,0.0,0.0,0.0,0.0,0.0,0.0,0.0,74.0,199.0,215.0,263.0,110.0
LEXUS,LEXUS LC 500,48_14,45.0,70.0,136.0,145.0,0.0,0.0,0.0,0.0,0.0,0.0,0.0,0.0,0.0,0.0,0.0,0.0,0.0,0.0,0.0,0.0
LEXUS,LEXUS LS430,48_15,0.0,0.0,0.0,0.0,0.0,0.0,0.0,0.0,0.0,0.0,0.0,0.0,0.0,1.0,82.0,279.0,271.0,211.0,219.0,255.0
LEXUS,LEXUS NX300,48_18,4142.0,4443.0,4486.0,3656.0,3607.0,2972.0,792.0,0.0,0.0,0.0,0.0,0.0,0.0,0.0,0.0,0.0,0.0,0.0,0.0,0.0
LEXUS,LEXUS RC 300,48_21,247.0,385.0,380.0,394.0,532.0,45.0,0.0,0.0,0.0,0.0,0.0,0.0,0.0,0.0,0.0,0.0,0.0,0.0,0.0,0.0
LEXUS,LEXUS RC F,48_21,6.0,10.0,17.0,13.0,28.0,130.0,5.0,0.0,0.0,0.0,0.0,0.0,0.0,0.0,0.0,0.0,0.0,0.0,0.0,0.0
LEXUS,LEXUS RX300,48_24,0.0,0.0,0.0,0.0,0.0,0.0,0.0,0.0,0.0,0.0,0.0,0.0,0.0,2.0,411.0,1668.0,2137.0,1036.0,433.0,333.0
LEXUS,LEXUS RX350,48_24,0.0,0.0,0.0,0.0,0.0,1.0,0.0,0.0,0.0,0.0,0.0,60.0,104.0,423.0,416.0,0.0,0.0,0.0,0.0,0.0
LEXUS,LEXUS RX400,48_24,0.0,0.0,0.0,0.0,0.0,0.0,0.0,0.0,0.0,0.0,5.0,1213.0,2552.0,2885.0,2092.0,1127.0,0.0,0.0,0.0,0.0
LEXUS,LEXUS RX450,48_24,1621.0,1880.0,1554.0,2000.0,2319.0,1287.0,1619.0,1808.0,1736.0,1786.0,2521.0,1169.0,0.0,0.0,0.0,0.0,0.0,0.0,0.0,0.0
LEXUS,LEXUS RX,48_24,341.0,472.0,386.0,0.0,0.0,0.0,0.0,0.0,0.0,0.0,0.0,0.0,0.0,0.0,0.0,0.0,0.0,0.0,0.0,0.0
LEXUS,LEXUS SC430,48_30,0.0,0.0,0.0,0.0,0.0,0.0,0.0,0.0,0.0,0.0,0.0,51.0,51.0,148.0,172.0,219.0,212.0,270.0,318.0,196.0
LEXUS,LEXUS UX 250H,48_31,3899.0,3336.0,0.0,0.0,0.0,0.0,0.0,0.0,0.0,0.0,0.0,0.0,0.0,0.0,0.0,0.0,0.0,0.0,0.0,0.0
LINCOLN,LINCOLN TOWN CAR,49_2,0.0,0.0,0.0,0.0,0.0,0.0,0.0,0.0,0.0,0.0,1.0,0.0,1.0,3.0,3.0,7.0,4.0,3.0,2.0,8.0
LOTUS,LOTUS ELISE,51_3,70.0,78.0,60.0,75.0,81.0,95.0,74.0,44.0,37.0,59.0,101.0,85.0,159.0,170.0,185.0,214.0,195.0,227.0,339.0,220.0
LOTUS,LOTUS ESPRIT,51_5,0.0,0.0,0.0,0.0,0.0,0.0,0.0,0.0,0.0,0.0,0.0,0.0,0.0,0.0,0.0,0.0,0.0,5.0,6.0,3.0
LOTUS,LOTUS EVORA,51_6,23.0,44.0,53.0,32.0,71.0,56.0,44.0,41.0,36.0,89.0,130.0,59.0,0.0,0.0,0.0,0.0,0.0,0.0,0.0,0.0
LOTUS,LOTUS EXIGE,51_7,73.0,72.0,75.0,74.0,75.0,69.0,71.0,51.0,1.0,8.0,51.0,28.0,68.0,74.0,79.0,60.0,29.0,0.0,0.0,21.0
MASERATI,MASERATI 3200,55_1,0.0,0.0,0.0,0.0,0.0,0.0,0.0,0.0,0.0,0.0,0.0,0.0,0.0,0.0,0.0,0.0,0.0,1.0,22.0,105.0
MASERATI,MASERATI COUPE,55_4,0.0,0.0,0.0,0.0,0.0,0.0,0.0,0.0,0.0,0.0,0.0,0.0,2.0,8.0,43.0,111.0,141.0,106.0,50.0,0.0
MASERATI,MASERATI GHIBLI,55_5,101.0,222.0,346.0,466.0,792.0,777.0,650.0,2.0,0.0,0.0,0.0,0.0,0.0,0.0,0.0,0.0,0.0,0.0,0.0,0.0
MASERATI,MASERATI GRAN TURISMO,55_8,2.0,12.0,0.0,0.0,2.0,1.0,1.0,34.0,113.0,149.0,157.0,186.0,318.0,137.0,0.0,0.0,0.0,0.0,0.0,0.0
MASERATI,MASERATI GRANCABRIO,55_6,14.0,23.0,39.0,31.0,52.0,52.0,39.0,72.0,70.0,88.0,107.0,0.0,0.0,0.0,0.0,0.0,0.0,0.0,0.0,0.0
MASERATI,MASERATI GRANSPORT,55_7,0.0,0.0,0.0,0.0,0.0,0.0,0.0,0.0,0.0,0.0,0.0,1.0,3.0,55.0,26.0,0.0,0.0,0.0,0.0,0.0
MASERATI,MASERATI GRANTURISMO,55_8,18.0,58.0,92.0,57.0,88.0,103.0,107.0,110.0,29.0,0.0,0.0,1.0,0.0,0.0,0.0,0.0,0.0,0.0,0.0,0.0
MASERATI,MASERATI LEVANTE,55_9,408.0,512.0,599.0,629.0,95.0,0.0,0.0,0.0,0.0,0.0,0.0,0.0,0.0,0.0,0.0,0.0,0.0,0.0,0.0,0.0
MASERATI,MASERATI QUATTROPORTE,55_10,9.0,39.0,66.0,70.0,121.0,158.0,127.0,23.0,8.0,33.0,47.0,95.0,117.0,159.0,97.0,85.0,47.0,0.0,0.0,1.0
MASERATI,MASERATI SPYDER,55_11,0.0,0.0,0.0,0.0,0.0,0.0,0.0,0.0,0.0,0.0,0.0,0.0,0.0,1.0,3.0,17.0,22.0,35.0,61.0,4.0
MAYBACH,MAYBACH 57,56_1,0.0,0.0,0.0,0.0,0.0,0.0,0.0,0.0,0.0,1.0,0.0,1.0,0.0,5.0,1.0,4.0,1.0,4.0,0.0,0.0
MAYBACH,MAYBACH 62,56_2,0.0,0.0,0.0,0.0,0.0,0.0,0.0,0.0,1.0,1.0,2.0,0.0,0.0,2.0,4.0,5.0,7.0,2.0,0.0,0.0
MAZDA,MAZDA 2,57_10,4091.0,8360.0,7936.0,7537.0,10122.0,10018.0,8556.0,8764.0,9205.0,11110.0,13546.0,14206.0,9958.0,3795.0,2203.0,2032.0,1761.0,802.0,0.0,0.0
MAZDA,MAZDA 3,57_11,4232.0,4276.0,6899.0,8013.0,10650.0,11950.0,8663.0,5315.0,5337.0,6010.0,9590.0,9399.0,8545.0,8119.0,7285.0,5927.0,2112.0,29.0,0.0,0.0
MAZDA,MAZDA 323,57_1,0.0,0.0,2.0,0.0,0.0,0.0,0.0,0.0,0.0,1.0,0.0,0.0,0.0,0.0,0.0,0.0,7.0,574.0,515.0,357.0
MAZDA,MAZDA 5,57_12,0.0,0.0,0.0,0.0,14.0,721.0,628.0,786.0,811.0,932.0,1791.0,2022.0,3502.0,3465.0,1864.0,521.0,0.0,0.0,0.0,0.0
MAZDA,MAZDA 6,57_13,1025.0,4376.0,3234.0,4645.0,7113.0,7152.0,6919.0,4891.0,3563.0,5439.0,7544.0,6727.0,6599.0,5393.0,3344.0,2336.0,1211.0,657.0,246.0,0.0
MAZDA,MAZDA 626,57_2,0.0,0.0,0.0,0.0,0.0,0.0,0.0,0.0,0.0,0.0,0.0,0.0,0.0,0.0,0.0,0.0,0.0,1.0,119.0,150.0
MAZDA,MAZDA B2500,57_3,0.0,0.0,0.0,0.0,0.0,0.0,0.0,0.0,0.0,0.0,0.0,0.0,0.0,0.0,0.0,0.0,0.0,0.0,2.0,0.0
MAZDA,MAZDA CX3,57_6,2721.0,16161.0,9522.0,4732.0,4854.0,2365.0,0.0,0.0,0.0,0.0,0.0,0.0,0.0,0.0,0.0,0.0,0.0,0.0,0.0,0.0
MAZDA,MAZDA CX5,57_7,2938.0,1411.0,5924.0,6961.0,7169.0,7249.0,7121.0,5514.0,1651.0,0.0,0.0,0.0,0.0,0.0,0.0,0.0,0.0,0.0,0.0,0.0
MAZDA,MAZDA CX7,57_8,0.0,0.0,0.0,0.0,0.0,0.0,0.0,3.0,178.0,538.0,674.0,317.0,306.0,211.0,0.0,0.0,0.0,0.0,0.0,0.0
MAZDA,MAZDA DEMIO,57_9,0.0,0.0,0.0,0.0,0.0,0.0,1.0,1.0,2.0,2.0,11.0,12.0,16.0,3.0,0.0,1.0,1.0,137.0,312.0,250.0
MAZDA,MAZDA MPV,57_14,0.0,0.0,0.0,0.0,0.0,0.0,0.0,0.0,0.0,0.0,0.0,1.0,3.0,5.0,3.0,7.0,24.0,24.0,15.0,5.0
MAZDA,MAZDA MX5,57_15,882.0,0.0,0.0,0.0,0.0,0.0,0.0,0.0,0.0,0.0,0.0,0.0,0.0,0.0,0.0,0.0,0.0,0.0,0.0,0.0
MAZDA,MAZDA MX-5,57_15,175.0,3988.0,4060.0,4408.0,3972.0,2864.0,2752.0,3011.0,3034.0,3299.0,4548.0,4059.0,5179.0,7313.0,6251.0,3306.0,3329.0,4260.0,3173.0,1812.0
MAZDA,MAZDA PREMACY,57_17,0.0,0.0,0.0,0.0,0.0,0.0,1.0,0.0,1.0,0.0,0.0,0.0,0.0,0.0,1.0,2.0,151.0,100.0,84.0,144.0
MAZDA,MAZDA RX8,57_18,0.0,0.0,0.0,0.0,0.0,0.0,0.0,0.0,0.0,25.0,100.0,313.0,473.0,779.0,847.0,632.0,775.0,139.0,0.0,0.0
MAZDA,MAZDA TRIBUTE,57_19,0.0,0.0,0.0,0.0,0.0,0.0,0.0,0.0,0.0,0.0,0.0,0.0,0.0,0.0,1.0,2.0,97.0,110.0,82.0,31.0
MCLAREN,MCLAREN 540C,58_2,1.0,7.0,9.0,43.0,17.0,2.0,0.0,0.0,0.0,0.0,0.0,0.0,0.0,0.0,0.0,0.0,0.0,0.0,0.0,0.0
MCLAREN,MCLAREN 570GT,58_3,6.0,52.0,51.0,84.0,7.0,0.0,0.0,0.0,0.0,0.0,0.0,0.0,0.0,0.0,0.0,0.0,0.0,0.0,0.0,0.0
MCLAREN,MCLAREN 570S,58_4,21.0,120.0,195.0,149.0,85.0,5.0,0.0,0.0,0.0,0.0,0.0,0.0,0.0,0.0,0.0,0.0,0.0,0.0,0.0,0.0
MCLAREN,MCLAREN 600LT,58_9,116.0,153.0,15.0,0.0,0.0,0.0,0.0,0.0,0.0,0.0,0.0,0.0,0.0,0.0,0.0,0.0,0.0,0.0,0.0,0.0
MCLAREN,MCLAREN 650S,58_5,0.0,1.0,0.0,0.0,28.0,10.0,2.0,0.0,0.0,0.0,0.0,0.0,0.0,0.0,0.0,0.0,0.0,0.0,0.0,0.0
MCLAREN,MCLAREN 675LT,58_6,0.0,0.0,0.0,12.0,40.0,13.0,0.0,0.0,0.0,0.0,0.0,0.0,0.0,0.0,0.0,0.0,0.0,0.0,0.0,0.0
MCLAREN,MCLAREN 720S,58_7,80.0,145.0,194.0,92.0,0.0,0.0,0.0,0.0,0.0,0.0,0.0,0.0,0.0,0.0,0.0,0.0,0.0,0.0,0.0,0.0
MCLAREN,MCLAREN P1,58_8,0.0,0.0,0.0,0.0,0.0,1.0,0.0,1.0,0.0,0.0,0.0,0.0,0.0,0.0,0.0,0.0,0.0,0.0,0.0,0.0
MERCEDES,MERCEDES 200,59_1,0.0,0.0,1.0,0.0,0.0,2.0,2.0,0.0,6.0,0.0,5.0,5.0,8.0,6.0,10.0,24.0,65.0,11.0,37.0,9.0
MERCEDES,MERCEDES 500,59_7,0.0,1.0,0.0,0.0,0.0,0.0,0.0,0.0,0.0,0.0,1.0,0.0,0.0,0.0,1.0,1.0,3.0,17.0,9.0,0.0
MERCEDES,MERCEDES A CLASS,59_8,34775.0,47026.0,40848.0,39355.0,37366.0,27082.0,24248.0,16288.0,5591.0,5864.0,6895.0,7892.0,8325.0,8348.0,7638.0,5597.0,3008.0,3482.0,2535.0,1719.0
MERCEDES,MERCEDES AMG CLASS,59_9,5205.0,9067.0,4122.0,3138.0,1605.0,634.0,0.0,0.0,0.0,0.0,0.0,0.0,0.0,0.0,0.0,0.0,0.0,0.0,0.0,0.0
MERCEDES,MERCEDES B CLASS,59_11,2720.0,3975.0,3821.0,5540.0,5293.0,5664.0,8342.0,7238.0,5929.0,3864.0,5035.0,5094.0,4474.0,3854.0,3472.0,804.0,0.0,0.0,0.0,0.0
MERCEDES,MERCEDES C CLASS,59_12,9676.0,21683.0,28412.0,39648.0,37729.0,40124.0,33031.0,31068.0,30455.0,23539.0,17034.0,16194.0,17711.0,17238.0,15638.0,15552.0,12784.0,10175.0,6250.0,3443.0
MERCEDES,MERCEDES CITAN,59_13,37.0,6.0,3.0,4.0,1.0,5.0,0.0,0.0,0.0,0.0,0.0,0.0,0.0,0.0,0.0,0.0,0.0,0.0,0.0,0.0
MERCEDES,MERCEDES CL CLASS,59_15,0.0,0.0,0.0,0.0,0.0,0.0,90.0,109.0,99.0,110.0,166.0,223.0,241.0,478.0,51.0,172.0,228.0,304.0,364.0,208.0
MERCEDES,MERCEDES CLA CLASS,59_16,7782.0,8497.0,8408.0,8032.0,7755.0,3182.0,109.0,1.0,0.0,0.0,0.0,0.0,0.0,0.0,0.0,0.0,0.0,0.0,0.0,0.0
MERCEDES,MERCEDES CLC CLASS,59_17,0.0,0.0,0.0,0.0,0.0,0.0,1.0,0.0,1.0,839.0,3341.0,4625.0,3242.0,0.0,1.0,0.0,0.0,0.0,0.0,0.0
MERCEDES,MERCEDES CLK CLASS,59_18,0.0,0.0,0.0,0.0,0.0,0.0,0.0,0.0,0.0,1.0,24.0,3050.0,2868.0,4300.0,4044.0,5294.0,5118.0,4088.0,2371.0,1936.0
MERCEDES,MERCEDES CLS CLASS,59_19,349.0,1021.0,988.0,1437.0,2112.0,2945.0,608.0,862.0,1056.0,1367.0,1245.0,1413.0,1824.0,2482.0,2176.0,1312.0,2.0,0.0,0.0,1.0
MERCEDES,MERCEDES E CLASS,59_20,9725.0,18372.0,20137.0,20884.0,20580.0,21722.0,21475.0,20415.0,16076.0,15448.0,13652.0,8591.0,5754.0,7593.0,5649.0,6916.0,7162.0,5595.0,1996.0,1507.0
MERCEDES,MERCEDES G CLASS,59_21,167.0,139.0,62.0,96.0,80.0,172.0,655.0,610.0,74.0,64.0,13.0,5.0,5.0,4.0,3.0,3.0,3.0,3.0,4.0,9.0
MERCEDES,MERCEDES GL CLASS,59_22,1.0,1.0,0.0,3.0,214.0,560.0,2.0,0.0,116.0,305.0,215.0,211.0,344.0,649.0,168.0,0.0,0.0,0.0,0.0,0.0
MERCEDES,MERCEDES GLA CLASS,59_23,9386.0,17092.0,16435.0,12308.0,10312.0,8715.0,3401.0,0.0,0.0,0.0,0.0,0.0,0.0,0.0,0.0,0.0,0.0,0.0,0.0,0.0
MERCEDES,MERCEDES GLC CLASS,59_24,11711.0,17627.0,19632.0,12766.0,9509.0,1390.0,0.0,0.0,0.0,0.0,0.0,0.0,0.0,0.0,0.0,0.0,0.0,0.0,0.0,0.0
MERCEDES,MERCEDES GLE CLASS,59_25,5327.0,3527.0,5810.0,4168.0,5366.0,1222.0,0.0,0.0,0.0,0.0,0.0,0.0,0.0,0.0,0.0,0.0,0.0,0.0,0.0,0.0
MERCEDES,MERCEDES GLS CLASS,59_26,433.0,395.0,624.0,679.0,426.0,0.0,0.0,0.0,0.0,0.0,0.0,0.0,0.0,0.0,0.0,0.0,0.0,0.0,0.0,0.0
MERCEDES,MERCEDES ML CLASS,59_27,0.0,0.0,0.0,0.0,7.0,3173.0,3980.0,4407.0,2721.0,2996.0,3184.0,2542.0,3146.0,3319.0,3027.0,1786.0,2662.0,2074.0,1952.0,1145.0
MERCEDES,MERCEDES R CLASS,59_28,0.0,0.0,0.0,0.0,0.0,0.0,0.0,157.0,309.0,413.0,260.0,244.0,364.0,559.0,506.0,0.0,0.0,0.0,0.0,0.0
MERCEDES,MERCEDES S CLASS,59_29,563.0,1807.0,1951.0,2114.0,1988.0,2128.0,1706.0,1055.0,1348.0,1034.0,1015.0,1034.0,1193.0,1698.0,1374.0,781.0,964.0,1042.0,646.0,579.0
MERCEDES,MERCEDES SL CLASS,59_30,212.0,328.0,352.0,537.0,662.0,766.0,1036.0,1071.0,396.0,225.0,313.0,441.0,706.0,697.0,714.0,1052.0,1706.0,1908.0,888.0,234.0
MERCEDES,MERCEDES SLC CLASS,59_31,544.0,898.0,1356.0,3077.0,2054.0,0.0,0.0,0.0,0.0,0.0,0.0,0.0,0.0,0.0,0.0,0.0,0.0,0.0,0.0,0.0
MERCEDES,MERCEDES SLK CLASS,59_32,0.0,0.0,0.0,1.0,1193.0,4737.0,4773.0,4558.0,5479.0,2492.0,2014.0,2406.0,3129.0,3387.0,3579.0,4753.0,3118.0,1943.0,2188.0,2454.0
MERCEDES,MERCEDES SPRINTER,59_35,219.0,186.0,158.0,176.0,168.0,165.0,41.0,36.0,18.0,9.0,9.0,4.0,9.0,6.0,9.0,3.0,8.0,10.0,7.0,10.0
MERCEDES,MERCEDES V CLASS,59_36,810.0,1980.0,1859.0,1849.0,1346.0,929.0,3.0,0.0,0.0,0.0,0.0,0.0,0.0,0.0,1.0,0.0,0.0,104.0,144.0,97.0
MERCEDES,MERCEDES VANEO,59_37,0.0,0.0,0.0,0.0,0.0,0.0,0.0,0.0,0.0,0.0,0.0,0.0,1.0,10.0,52.0,162.0,176.0,229.0,74.0,0.0
MERCEDES,MERCEDES VIANO,59_38,0.0,0.0,0.0,0.0,1.0,125.0,645.0,662.0,567.0,486.0,446.0,454.0,502.0,457.0,385.0,364.0,226.0,0.0,0.0,0.0
MERCEDES,MERCEDES VITO,59_39,729.0,2114.0,1432.0,1238.0,990.0,525.0,572.0,485.0,506.0,318.0,426.0,414.0,113.0,71.0,66.0,40.0,23.0,17.0,11.0,8.0
MERCEDES,MERCEDES X CLASS,59_40,2.0,4.0,0.0,0.0,0.0,0.0,0.0,0.0,0.0,0.0,0.0,0.0,0.0,0.0,0.0,0.0,0.0,0.0,0.0,0.0
MG,MG 3,53_2,2236.0,3260.0,2566.0,2853.0,3059.0,2400.0,1628.0,192.0,0.0,0.0,0.0,0.0,0.0,0.0,0.0,0.0,0.0,0.0,0.0,0.0
MG,MG 6,53_3,0.0,0.0,0.0,0.0,348.0,473.0,261.0,58.0,21.0,0.0,0.0,0.0,0.0,0.0,0.0,0.0,0.0,0.0,0.0,0.0
MG,MG GS,53_1,0.0,351.0,932.0,923.0,561.0,0.0,0.0,0.0,0.0,0.0,0.0,0.0,0.0,0.0,0.0,0.0,0.0,0.0,0.0,0.0
MG,MG MG6,53_3,0.0,0.0,0.0,0.0,0.0,2.0,215.0,189.0,603.0,240.0,0.0,0.0,0.0,0.0,0.0,0.0,0.0,1.0,0.0,0.0
MG,MG MGF,53_4,0.0,0.0,0.0,0.0,0.0,0.0,0.0,0.0,0.0,0.0,0.0,0.0,0.0,0.0,0.0,2.0,2.0,3.0,112.0,1567.0
MG,MG TF,53_5,0.0,0.0,0.0,0.0,0.0,0.0,1.0,2.0,9.0,68.0,178.0,256.0,88.0,41.0,272.0,1190.0,2552.0,2675.0,1744.0,1.0
MG,MG XS,53_10,3923.0,7252.0,5149.0,353.0,0.0,0.0,0.0,0.0,0.0,0.0,0.0,0.0,0.0,0.0,0.0,0.0,0.0,0.0,0.0,0.0
MG,MG ZR,53_6,0.0,0.0,0.0,0.0,0.0,0.0,0.0,0.0,0.0,0.0,0.0,0.0,2.0,4.0,105.0,761.0,1191.0,858.0,449.0,106.0
MG,MG ZS,53_7,8158.0,1075.0,0.0,0.0,0.0,0.0,0.0,0.0,0.0,0.0,0.0,0.0,1.0,0.0,78.0,388.0,623.0,455.0,366.0,118.0
MG,MG ZT,53_8,0.0,0.0,0.0,0.0,0.0,0.0,0.0,0.0,0.0,0.0,0.0,0.0,5.0,26.0,190.0,715.0,1211.0,904.0,424.0,129.0
MICROCAR,MICROCAR M-GO,61_1,0.0,0.0,35.0,49.0,91.0,62.0,64.0,54.0,61.0,63.0,102.0,29.0,0.0,0.0,0.0,0.0,0.0,0.0,0.0,0.0
MINI,MINI CLUBMAN,54_1,3432.0,5746.0,6930.0,7302.0,8451.0,1240.0,742.0,1415.0,1696.0,2103.0,2720.0,2891.0,4993.0,1475.0,0.0,0.0,0.0,0.0,0.0,0.0
MINI,MINI COOPER,54_6,26817.0,36432.0,38958.0,35837.0,35204.0,33563.0,23176.0,15965.0,17780.0,17225.0,20724.0,21460.0,18921.0,25790.0,19133.0,19879.0,19128.0,15697.0,10833.0,2859.0
MINI,MINI COUNTRYMAN,54_4,9758.0,16288.0,13653.0,10329.0,7969.0,8206.0,10813.0,10867.0,10168.0,8760.0,1393.0,0.0,0.0,0.0,0.0,0.0,0.0,0.0,0.0,0.0
MINI,MINI FIRST,54_6,0.0,0.0,0.0,0.0,0.0,0.0,12.0,857.0,838.0,1230.0,2091.0,1835.0,0.0,0.0,0.0,0.0,0.0,0.0,0.0,0.0
MINI,MINI JOHN COOPER WORKS,54_9,3083.0,2595.0,2622.0,2535.0,2192.0,2007.0,844.0,1430.0,880.0,674.0,574.0,472.0,426.0,33.0,340.0,54.0,0.0,0.0,0.0,0.0
MINI,MINI ONE,54_6,1155.0,1598.0,1627.0,5801.0,9514.0,11368.0,8517.0,12825.0,14337.0,14263.0,10673.0,7208.0,8311.0,7845.0,8843.0,11168.0,8475.0,6308.0,5074.0,1483.0
MINI,MINI PACEMAN,54_7,0.0,0.0,0.0,118.0,1279.0,1981.0,3663.0,2608.0,0.0,0.0,0.0,0.0,0.0,0.0,0.0,0.0,0.0,0.0,0.0,0.0
MINI,MINI ROADSTER,54_8,0.0,0.0,0.0,0.0,1.0,945.0,1103.0,2118.0,1252.0,0.0,0.0,0.0,0.0,0.0,0.0,0.0,0.0,0.0,0.0,0.0
MITSUBISHI,MITSUBISHI ASX,62_1,1425.0,1477.0,2251.0,3860.0,3263.0,4702.0,3869.0,2488.0,2278.0,2377.0,1952.0,0.0,0.0,0.0,0.0,0.0,0.0,0.0,0.0,0.0
MITSUBISHI,MITSUBISHI CARISMA,62_2,0.0,0.0,0.0,0.0,0.0,0.0,0.0,0.0,0.0,0.0,0.0,0.0,0.0,0.0,0.0,21.0,526.0,691.0,223.0,109.0
MITSUBISHI,MITSUBISHI COLT,62_3,0.0,0.0,0.0,0.0,0.0,0.0,0.0,528.0,1572.0,1833.0,2881.0,4604.0,5896.0,5715.0,4641.0,3505.0,794.0,78.0,113.0,91.0
MITSUBISHI,MITSUBISHI DELICA,62_6,0.0,0.0,0.0,0.0,0.0,0.0,0.0,0.0,0.0,0.0,0.0,0.0,2.0,0.0,2.0,9.0,5.0,4.0,9.0,0.0
MITSUBISHI,MITSUBISHI ECLIPSE,62_7,1195.0,3929.0,5496.0,101.0,0.0,0.0,0.0,0.0,0.0,0.0,0.0,0.0,1.0,1.0,3.0,1.0,1.0,0.0,1.0,3.0
MITSUBISHI,MITSUBISHI FTO,62_8,0.0,0.0,0.0,0.0,0.0,0.0,0.0,0.0,0.0,0.0,0.0,0.0,0.0,0.0,0.0,0.0,0.0,0.0,1.0,1.0
MITSUBISHI,MITSUBISHI GALANT,62_9,0.0,0.0,0.0,0.0,0.0,0.0,0.0,0.0,0.0,0.0,0.0,0.0,0.0,0.0,0.0,0.0,0.0,33.0,77.0,78.0
MITSUBISHI,MITSUBISHI GRANDIS,62_10,0.0,0.0,0.0,0.0,0.0,0.0,0.0,0.0,0.0,0.0,3.0,264.0,143.0,384.0,554.0,531.0,287.0,5.0,0.0,0.0
MITSUBISHI,MITSUBISHI L200,62_13,1.0,0.0,0.0,0.0,0.0,0.0,0.0,0.0,0.0,0.0,2.0,0.0,1.0,1.0,4.0,3.0,4.0,7.0,11.0,12.0
MITSUBISHI,MITSUBISHI LANCER,62_14,0.0,0.0,0.0,0.0,0.0,4.0,15.0,0.0,28.0,1534.0,2212.0,1462.0,1818.0,1161.0,1366.0,1376.0,277.0,55.0,26.0,91.0
MITSUBISHI,MITSUBISHI MIRAGE,62_15,701.0,1114.0,1069.0,1250.0,1381.0,1542.0,1784.0,2245.0,0.0,0.0,0.0,0.0,0.0,0.0,0.0,0.0,0.0,0.0,0.0,0.0
MITSUBISHI,MITSUBISHI OUTLANDER,62_16,4407.0,8195.0,10457.0,8198.0,10295.0,12296.0,7149.0,2046.0,1200.0,1476.0,1791.0,1592.0,2263.0,1905.0,136.0,272.0,381.0,43.0,0.0,0.0
MITSUBISHI,MITSUBISHI PAJERO,62_17,0.0,0.0,0.0,0.0,0.0,1.0,2.0,0.0,0.0,0.0,0.0,0.0,0.0,1.0,1.0,2.0,8.0,4.0,8.0,4.0
MITSUBISHI,MITSUBISHI SHOGUN,62_18,566.0,651.0,969.0,955.0,1392.0,1743.0,1401.0,841.0,619.0,1025.0,975.0,643.0,1169.0,2954.0,4078.0,5713.0,5516.0,2869.0,1847.0,1211.0
MITSUBISHI,MITSUBISHI SPACE STAR,62_21,0.0,0.0,0.0,0.0,1.0,1.0,0.0,0.0,0.0,0.0,0.0,0.0,0.0,0.0,5.0,637.0,1163.0,860.0,547.0,229.0
MITSUBISHI,MITSUBISHI SPACE WAGON,62_22,0.0,0.0,0.0,0.0,0.0,0.0,0.0,0.0,0.0,0.0,0.0,0.0,0.0,0.0,0.0,0.0,8.0,99.0,91.0,45.0
MORGAN,MORGAN AERO,63_2,0.0,0.0,0.0,0.0,2.0,12.0,4.0,4.0,5.0,5.0,1.0,7.0,1.0,0.0,0.0,0.0,0.0,0.0,0.0,0.0
MORGAN,MORGAN PLUS 4,63_3,101.0,84.0,60.0,54.0,102.0,97.0,62.0,60.0,50.0,86.0,76.0,71.0,40.0,47.0,22.0,29.0,0.0,0.0,0.0,0.0
MORGAN,MORGAN PLUS 8,63_4,0.0,1.0,9.0,5.0,7.0,6.0,1.0,6.0,3.0,0.0,0.0,0.0,0.0,0.0,0.0,1.0,15.0,11.0,23.0,35.0
MORGAN,MORGAN ROADSTER,63_5,10.0,25.0,28.0,29.0,31.0,28.0,28.0,21.0,19.0,29.0,35.0,34.0,32.0,22.0,14.0,23.0,25.0,0.0,0.0,0.0
NISSAN,NISSAN 350,64_1,0.0,0.0,0.0,0.0,0.0,0.0,0.0,0.0,0.0,0.0,0.0,128.0,347.0,574.0,769.0,1202.0,1327.0,449.0,86.0,0.0
NISSAN,NISSAN 370,64_2,87.0,104.0,139.0,155.0,185.0,172.0,133.0,132.0,133.0,331.0,612.0,222.0,0.0,0.0,0.0,0.0,0.0,0.0,0.0,0.0
NISSAN,NISSAN ALMERA,64_3,0.0,0.0,0.0,0.0,0.0,0.0,0.0,0.0,0.0,0.0,1.0,0.0,0.0,31.0,2334.0,9077.0,7738.0,4787.0,4198.0,1928.0
NISSAN,NISSAN CUBE,64_5,0.0,0.0,0.0,0.0,1.0,0.0,0.0,0.0,0.0,73.0,854.0,26.0,11.0,11.0,6.0,7.0,35.0,16.0,2.0,1.0
NISSAN,NISSAN E-NV200,64_7,265.0,213.0,58.0,111.0,98.0,74.0,19.0,0.0,0.0,0.0,0.0,0.0,0.0,0.0,0.0,0.0,0.0,0.0,0.0,0.0
NISSAN,NISSAN FAIRLADY,64_10,0.0,0.0,0.0,0.0,0.0,0.0,0.0,0.0,0.0,0.0,0.0,0.0,0.0,0.0,1.0,6.0,9.0,14.0,3.0,0.0
NISSAN,NISSAN GT,64_13,0.0,0.0,1.0,0.0,0.0,0.0,0.0,0.0,0.0,20.0,253.0,551.0,0.0,0.0,0.0,0.0,0.0,0.0,0.0,0.0
NISSAN,NISSAN GT-R,64_13,94.0,130.0,148.0,234.0,145.0,138.0,144.0,125.0,137.0,154.0,0.0,0.0,0.0,0.0,0.0,0.0,0.0,0.0,0.0,0.0
NISSAN,NISSAN JUKE,64_14,17697.0,18506.0,23275.0,35455.0,36790.0,38016.0,36929.0,35049.0,26803.0,19905.0,4898.0,0.0,0.0,0.0,0.0,0.0,0.0,0.0,0.0,0.0
NISSAN,NISSAN LEAF,64_16,8098.0,5040.0,4885.0,4613.0,3966.0,4040.0,3081.0,1298.0,479.0,450.0,0.0,0.0,0.0,0.0,0.0,0.0,0.0,0.0,0.0,0.0
NISSAN,NISSAN MICRA,64_17,6266.0,8433.0,9599.0,12179.0,10781.0,13116.0,14232.0,11531.0,11629.0,12910.0,16759.0,17162.0,15998.0,15554.0,22424.0,22432.0,17910.0,17717.0,12880.0,8139.0
NISSAN,NISSAN MURANO,64_19,0.0,0.0,1.0,0.0,1.0,0.0,1.0,0.0,2.0,14.0,108.0,204.0,184.0,198.0,360.0,380.0,2.0,0.0,0.0,0.0
NISSAN,NISSAN NAVARA,64_20,0.0,1.0,0.0,0.0,0.0,0.0,0.0,1.0,0.0,0.0,0.0,0.0,0.0,2.0,0.0,1.0,1.0,1.0,0.0,0.0
NISSAN,NISSAN NOTE,64_21,0.0,0.0,0.0,5109.0,10861.0,15077.0,22024.0,11838.0,11810.0,12564.0,15125.0,16285.0,17709.0,14887.0,11636.0,5.0,0.0,0.0,0.0,0.0
NISSAN,NISSAN NV200,64_22,0.0,0.0,37.0,100.0,258.0,220.0,225.0,511.0,294.0,308.0,214.0,1.0,0.0,0.0,0.0,0.0,0.0,0.0,0.0,0.0
NISSAN,NISSAN NV300,64_23,8.0,8.0,7.0,102.0,0.0,0.0,0.0,0.0,0.0,0.0,0.0,0.0,0.0,0.0,0.0,0.0,0.0,0.0,0.0,0.0
NISSAN,NISSAN PATHFINDER,64_24,0.0,0.0,0.0,0.0,0.0,0.0,330.0,396.0,412.0,662.0,507.0,688.0,723.0,1616.0,1643.0,956.0,0.0,0.0,0.0,0.0
NISSAN,NISSAN PATROL,64_25,0.0,0.0,0.0,0.0,0.0,0.0,0.0,0.0,0.0,0.0,0.0,11.0,24.0,47.0,62.0,162.0,209.0,90.0,84.0,46.0
NISSAN,NISSAN PIXO,64_28,0.0,0.0,0.0,0.0,0.0,0.0,0.0,505.0,1879.0,2206.0,4399.0,3968.0,0.0,0.0,0.0,0.0,0.0,0.0,0.0,0.0
NISSAN,NISSAN PRIMASTAR,64_30,0.0,0.0,0.0,0.0,0.0,0.0,18.0,11.0,12.0,40.0,5.0,11.0,39.0,45.0,21.0,4.0,0.0,1.0,0.0,0.0
NISSAN,NISSAN PRIMERA,64_31,0.0,0.0,0.0,0.0,0.0,0.0,0.0,0.0,0.0,0.0,0.0,0.0,1.0,16.0,1249.0,1830.0,1373.0,1146.0,888.0,421.0
NISSAN,NISSAN PULSAR,64_32,0.0,0.0,1971.0,4080.0,6287.0,7823.0,1369.0,0.0,0.0,0.0,0.0,0.0,0.0,0.0,0.0,0.0,0.0,0.0,0.0,0.0
NISSAN,NISSAN QASHQAI,64_33,32264.0,49307.0,47376.0,57548.0,58132.0,56147.0,44914.0,45787.0,41187.0,34500.0,33155.0,25705.0,16116.0,13323.0,3.0,0.0,0.0,1.0,0.0,3.0
NISSAN,NISSAN SERENA,64_35,0.0,1.0,0.0,0.0,0.0,1.0,3.0,4.0,2.0,1.0,2.0,13.0,11.0,12.0,11.0,8.0,7.0,4.0,4.0,16.0
NISSAN,NISSAN SKYLINE,64_36,0.0,0.0,0.0,0.0,0.0,0.0,0.0,0.0,0.0,0.0,0.0,1.0,10.0,3.0,1.0,7.0,11.0,21.0,6.0,21.0
NISSAN,NISSAN STAGEA,64_37,0.0,0.0,0.0,0.0,0.0,0.0,0.0,0.0,0.0,0.0,0.0,0.0,0.0,0.0,0.0,0.0,0.0,2.0,1.0,0.0
NISSAN,NISSAN TERRANO,64_38,0.0,0.0,0.0,0.0,0.0,0.0,0.0,0.0,0.0,0.0,0.0,0.0,0.0,5.0,60.0,337.0,677.0,560.0,451.0,310.0
NISSAN,NISSAN X-TRAIL,64_41,4508.0,5587.0,8884.0,16721.0,14851.0,8218.0,3851.0,1595.0,1696.0,2131.0,1468.0,2151.0,3763.0,5430.0,7122.0,6932.0,4958.0,2919.0,1000.0,143.0
NOBLE,NOBLE M600,65_2,0.0,0.0,1.0,0.0,1.0,0.0,1.0,0.0,0.0,0.0,0.0,0.0,0.0,0.0,0.0,0.0,0.0,0.0,0.0,0.0
OPEL,OPEL ASTRA,66_1,0.0,0.0,0.0,1.0,0.0,0.0,0.0,0.0,0.0,2.0,4.0,4.0,16.0,11.0,9.0,18.0,5.0,17.0,30.0,3.0
OPEL,OPEL INSIGNIA,66_2,0.0,0.0,0.0,0.0,0.0,0.0,1.0,1.0,1.0,1.0,1.0,105.0,0.0,0.0,0.0,0.0,0.0,0.0,0.0,0.0
OPEL,OPEL ZAFIRA,66_3,0.0,0.0,0.0,0.0,0.0,0.0,0.0,0.0,0.0,0.0,1.0,1.0,1.0,2.0,7.0,9.0,18.0,52.0,78.0,17.0
PERODUA,PERODUA KELISA,68_1,0.0,0.0,0.0,0.0,0.0,0.0,0.0,0.0,0.0,1.0,10.0,27.0,75.0,83.0,102.0,99.0,90.0,87.0,70.0,0.0
PERODUA,PERODUA KENARI,68_3,0.0,0.0,0.0,0.0,0.0,0.0,0.0,0.0,0.0,2.0,30.0,28.0,37.0,39.0,53.0,54.0,54.0,36.0,41.0,43.0
PERODUA,PERODUA MYVI,68_2,0.0,0.0,0.0,1.0,0.0,0.0,10.0,168.0,335.0,403.0,459.0,383.0,224.0,310.0,101.0,0.0,0.0,0.0,0.0,0.0
PEUGEOT,PEUGEOT 1007,69_1,0.0,0.0,0.0,0.0,0.0,0.0,0.0,0.0,0.0,0.0,0.0,4.0,156.0,883.0,1607.0,1081.0,0.0,0.0,0.0,0.0
PEUGEOT,PEUGEOT 106,69_2,0.0,0.0,0.0,0.0,0.0,1.0,4.0,1.0,0.0,0.0,0.0,0.0,0.0,0.0,0.0,1.0,0.0,1176.0,2120.0,2028.0
PEUGEOT,PEUGEOT 107,69_3,0.0,0.0,0.0,0.0,0.0,0.0,8702.0,16321.0,16162.0,14985.0,15221.0,14296.0,14322.0,12438.0,10998.0,2813.0,0.0,1.0,0.0,0.0
PEUGEOT,PEUGEOT 108,69_4,4663.0,5106.0,8072.0,11504.0,17127.0,18261.0,7108.0,0.0,0.0,0.0,0.0,0.0,0.0,0.0,0.0,0.0,0.0,0.0,0.0,0.0
PEUGEOT,PEUGEOT 2008,69_5,11694.0,11904.0,12383.0,16154.0,18517.0,17536.0,16087.0,3496.0,0.0,0.0,0.0,0.0,0.0,0.0,0.0,0.0,1.0,0.0,0.0,0.0
PEUGEOT,PEUGEOT 206,69_6,3.0,2.0,0.0,0.0,0.0,0.0,2.0,0.0,0.0,12.0,1.0,916.0,2103.0,5170.0,14419.0,22062.0,22662.0,17178.0,12835.0,7603.0
PEUGEOT,PEUGEOT 207,69_9,0.0,0.0,0.0,0.0,0.0,0.0,1000.0,2983.0,16653.0,27400.0,35060.0,37620.0,35981.0,39319.0,13494.0,1.0,0.0,1.0,0.0,0.0
PEUGEOT,PEUGEOT 208,69_12,13103.0,19851.0,18310.0,16970.0,26342.0,28485.0,30165.0,34913.0,15442.0,0.0,0.0,0.0,0.0,0.0,0.0,0.0,0.0,0.0,0.0,0.0
PEUGEOT,PEUGEOT 3008,69_13,11837.0,19082.0,18881.0,15897.0,6715.0,8338.0,8624.0,11705.0,11817.0,12079.0,10745.0,997.0,0.0,0.0,0.0,0.0,0.0,0.0,0.0,0.0
PEUGEOT,PEUGEOT 306,69_14,1.0,0.0,0.0,0.0,0.0,1.0,1.0,2.0,1.0,0.0,0.0,0.0,0.0,1.0,2.0,1.0,1.0,1.0,329.0,1849.0
PEUGEOT,PEUGEOT 307,69_15,0.0,0.0,0.0,0.0,0.0,0.0,0.0,0.0,0.0,7.0,0.0,476.0,3374.0,17015.0,17340.0,13130.0,11208.0,8010.0,4893.0,1172.0
PEUGEOT,PEUGEOT 308,69_18,4090.0,6772.0,8857.0,9543.0,15339.0,14992.0,13326.0,12174.0,12367.0,12202.0,17617.0,19317.0,17472.0,2198.0,1.0,0.0,0.0,0.0,0.0,1.0
PEUGEOT,PEUGEOT 4007,69_21,0.0,0.0,0.0,0.0,0.0,0.0,0.0,0.0,31.0,162.0,288.0,671.0,560.0,335.0,0.0,0.0,0.0,0.0,0.0,0.0
PEUGEOT,PEUGEOT 406,69_22,0.0,2.0,0.0,0.0,0.0,0.0,0.0,0.0,0.0,1.0,8.0,0.0,0.0,0.0,0.0,0.0,431.0,1627.0,1616.0,1490.0
PEUGEOT,PEUGEOT 407,69_23,0.0,0.0,0.0,0.0,0.0,0.0,0.0,1.0,1.0,267.0,1714.0,2076.0,2318.0,4557.0,5151.0,3697.0,1088.0,1.0,0.0,0.0
PEUGEOT,PEUGEOT 5008,69_25,4864.0,5619.0,5264.0,734.0,1729.0,1813.0,1841.0,2611.0,2393.0,2374.0,2835.0,22.0,0.0,0.0,0.0,0.0,0.0,0.0,0.0,0.0
PEUGEOT,PEUGEOT 508,69_26,1635.0,1952.0,401.0,487.0,977.0,1164.0,1623.0,3434.0,4778.0,3673.0,0.0,0.0,0.0,0.0,0.0,0.0,0.0,0.0,0.0,0.0
PEUGEOT,PEUGEOT 607,69_28,0.0,0.0,2.0,0.0,0.0,0.0,0.0,0.0,0.0,1.0,0.0,3.0,58.0,55.0,74.0,82.0,99.0,108.0,73.0,35.0
PEUGEOT,PEUGEOT 806,69_38,0.0,0.0,0.0,0.0,0.0,0.0,0.0,0.0,0.0,0.0,0.0,0.0,0.0,0.0,0.0,0.0,0.0,1.0,54.0,82.0
PEUGEOT,PEUGEOT 807,69_29,0.0,0.0,0.0,0.0,0.0,0.0,0.0,0.0,4.0,2.0,57.0,190.0,276.0,667.0,513.0,272.0,290.0,231.0,3.0,0.0
PEUGEOT,PEUGEOT BIPPER,69_30,0.0,0.0,0.0,0.0,0.0,6.0,188.0,290.0,398.0,571.0,713.0,233.0,0.0,0.0,0.0,0.0,0.0,0.0,0.0,0.0
PEUGEOT,PEUGEOT BOXER,69_41,191.0,220.0,106.0,224.0,197.0,191.0,114.0,114.0,17.0,27.0,4.0,6.0,2.0,0.0,1.0,0.0,1.0,1.0,1.0,2.0
PEUGEOT,PEUGEOT EXPERT,69_31,8.0,54.0,34.0,49.0,104.0,264.0,267.0,263.0,457.0,612.0,818.0,831.0,766.0,135.0,2.0,6.0,15.0,12.0,2.0,3.0
PEUGEOT,PEUGEOT HORIZON,69_34,171.0,450.0,1420.0,1347.0,1305.0,1088.0,1140.0,1012.0,314.0,2.0,0.0,0.0,0.0,0.0,0.0,0.0,0.0,0.0,0.0,0.0
PEUGEOT,PEUGEOT INDEPENDENCE,69_43,0.0,0.0,0.0,9.0,441.0,517.0,401.0,317.0,68.0,0.0,0.0,0.0,0.0,0.0,0.0,0.0,0.0,0.0,0.0,0.0
PEUGEOT,PEUGEOT ION,69_33,0.0,0.0,3.0,11.0,35.0,20.0,15.0,21.0,172.0,90.0,0.0,0.0,0.0,0.0,0.0,0.0,0.0,0.0,0.0,0.0
PEUGEOT,PEUGEOT PARTNER,69_34,0.0,35.0,1123.0,1144.0,1777.0,1705.0,1713.0,1779.0,2262.0,2249.0,2091.0,1711.0,1437.0,1270.0,1212.0,1104.0,1376.0,1364.0,770.0,77.0
PEUGEOT,PEUGEOT RCZ,69_36,0.0,0.0,0.0,0.0,258.0,1127.0,1627.0,2197.0,2136.0,2674.0,1689.0,4.0,0.0,0.0,0.0,0.0,0.0,0.0,0.0,1.0
PEUGEOT,PEUGEOT RIFTER,69_42,2497.0,3049.0,469.0,0.0,0.0,1.0,0.0,0.0,0.0,0.0,1.0,0.0,0.0,0.0,0.0,0.0,0.0,0.0,0.0,0.0
PEUGEOT,PEUGEOT TRAVELLER,69_37,387.0,695.0,592.0,497.0,40.0,0.0,0.0,0.0,0.0,0.0,0.0,0.0,0.0,0.0,0.0,0.0,0.0,0.0,0.0,0.0
PORSCHE,PORSCHE 718 BOXSTER,71_2,297.0,696.0,762.0,958.0,722.0,0.0,0.0,0.0,0.0,0.0,0.0,0.0,0.0,0.0,0.0,0.0,1.0,0.0,0.0,0.0
PORSCHE,PORSCHE 718 CAYMAN,71_3,651.0,910.0,883.0,924.0,262.0,0.0,0.0,0.0,0.0,0.0,0.0,0.0,0.0,0.0,0.0,0.0,0.0,0.0,0.0,0.0
PORSCHE,PORSCHE 911,71_4,1915.0,2459.0,1982.0,1775.0,1587.0,1628.0,1454.0,1206.0,1444.0,1143.0,1534.0,1304.0,1591.0,1963.0,2418.0,2464.0,2047.0,2087.0,1939.0,1218.0
PORSCHE,PORSCHE 918,71_5,0.0,0.0,0.0,0.0,0.0,28.0,7.0,0.0,0.0,0.0,0.0,0.0,0.0,0.0,0.0,0.0,0.0,0.0,0.0,0.0
PORSCHE,PORSCHE BOXSTER,71_6,157.0,189.0,229.0,0.0,445.0,980.0,1129.0,1210.0,1038.0,678.0,737.0,766.0,965.0,1447.0,1625.0,2987.0,1837.0,2241.0,1979.0,1852.0
PORSCHE,PORSCHE CAYENNE,71_8,2868.0,3409.0,1869.0,1782.0,2843.0,2407.0,1922.0,2193.0,2003.0,1282.0,936.0,881.0,594.0,771.0,988.0,1530.0,1377.0,708.0,0.0,0.0
PORSCHE,PORSCHE CAYMAN,71_9,201.0,257.0,405.0,0.0,641.0,997.0,1156.0,1012.0,306.0,520.0,518.0,627.0,849.0,1361.0,1364.0,150.0,1.0,0.0,0.0,0.0
PORSCHE,PORSCHE MACAN,71_10,3780.0,4764.0,3880.0,5341.0,4143.0,3508.0,1153.0,0.0,0.0,0.0,0.0,0.0,0.0,0.0,0.0,0.0,0.0,0.0,0.0,0.0
PORSCHE,PORSCHE PANAMERA,71_11,495.0,822.0,779.0,953.0,339.0,659.0,744.0,723.0,641.0,355.0,311.0,99.0,0.0,0.0,0.0,0.0,0.0,0.0,0.0,0.0
PROTON,PROTON GEN 2,72_1,0.0,0.0,0.0,0.0,0.0,0.0,0.0,6.0,49.0,103.0,139.0,135.0,204.0,260.0,201.0,144.0,29.0,0.0,0.0,0.0
PROTON,PROTON IMPIAN,72_2,0.0,0.0,0.0,0.0,0.0,0.0,0.0,0.0,0.0,0.0,4.0,7.0,14.0,30.0,51.0,63.0,40.0,23.0,14.0,9.0
PROTON,PROTON PERSONA,72_4,0.0,0.0,0.0,0.0,0.0,0.0,0.0,0.0,12.0,39.0,48.0,67.0,60.0,0.0,0.0,0.0,0.0,0.0,0.0,8.0
PROTON,PROTON SATRIA,72_5,0.0,0.0,0.0,0.0,0.0,0.0,0.0,4.0,23.0,27.0,19.0,35.0,50.0,65.0,0.0,0.0,33.0,35.0,23.0,27.0
PROTON,PROTON SAVVY,72_6,0.0,0.0,0.0,0.0,0.0,0.0,0.0,4.0,49.0,119.0,208.0,186.0,176.0,310.0,330.0,0.0,0.0,0.0,0.0,0.0
PROTON,PROTON WIRA,72_7,0.0,0.0,0.0,0.0,0.0,0.0,0.0,0.0,0.0,0.0,0.0,0.0,0.0,0.0,0.0,0.0,34.0,33.0,27.0,24.0
RENAULT,RENAULT CAPTUR,75_1,12853.0,19247.0,20864.0,18742.0,24286.0,23047.0,18625.0,5989.0,0.0,0.0,0.0,0.0,0.0,0.0,0.0,0.0,0.0,0.0,0.0,0.0
RENAULT,RENAULT CLIO,75_2,10568.0,16083.0,19682.0,18500.0,22571.0,25051.0,27004.0,21319.0,16399.0,20268.0,28942.0,21758.0,24519.0,34267.0,29989.0,19828.0,17566.0,13120.0,8775.0,5263.0
RENAULT,RENAULT ESPACE,75_3,0.0,0.0,0.0,0.0,1.0,0.0,0.0,0.0,104.0,356.0,408.0,413.0,766.0,1230.0,649.0,584.0,421.0,199.0,220.0,109.0
RENAULT,RENAULT FLUENCE,75_4,0.0,0.0,0.0,0.0,0.0,0.0,3.0,8.0,40.0,0.0,0.0,0.0,0.0,0.0,0.0,0.0,0.0,0.0,0.0,0.0
RENAULT,RENAULT GRAND SCENIC,75_7,262.0,851.0,657.0,1072.0,1262.0,1014.0,95.0,0.0,0.0,0.0,1.0,0.0,0.0,0.0,0.0,0.0,0.0,0.0,0.0,0.0
RENAULT,RENAULT KADJAR,75_8,8029.0,10811.0,10995.0,13903.0,19252.0,3033.0,0.0,0.0,0.0,0.0,0.0,0.0,0.0,0.0,0.0,0.0,0.0,0.0,0.0,0.0
RENAULT,RENAULT KANGOO,75_9,1.0,0.0,0.0,0.0,0.0,0.0,0.0,0.0,632.0,1380.0,1470.0,1207.0,2047.0,2150.0,1612.0,1706.0,1568.0,1083.0,796.0,534.0
RENAULT,RENAULT KOLEOS,75_10,488.0,946.0,928.0,672.0,0.0,0.0,0.0,0.0,0.0,1.0,98.0,1419.0,428.0,0.0,0.0,0.0,0.0,0.0,0.0,0.0
RENAULT,RENAULT LAGUNA,75_11,0.0,0.0,0.0,0.0,0.0,0.0,0.0,0.0,335.0,1940.0,2377.0,1835.0,3568.0,2359.0,1381.0,1341.0,1231.0,883.0,510.0,184.0
RENAULT,RENAULT MASTER,75_23,208.0,218.0,258.0,304.0,282.0,309.0,170.0,177.0,133.0,40.0,16.0,16.0,43.0,28.0,20.0,8.0,1.0,5.0,3.0,1.0
RENAULT,RENAULT MEGANE,75_12,1100.0,2525.0,2111.0,5225.0,5287.0,6821.0,7605.0,8081.0,10518.0,16435.0,21008.0,13051.0,11245.0,14360.0,10780.0,7722.0,4327.0,5699.0,6780.0,4806.0
RENAULT,RENAULT MODUS,75_13,0.0,0.0,0.0,0.0,0.0,0.0,0.0,1.0,252.0,2377.0,3008.0,1794.0,3753.0,2732.0,3613.0,4938.0,1399.0,0.0,0.0,0.0
RENAULT,RENAULT SCENIC,75_14,8.0,287.0,569.0,1061.0,1105.0,3745.0,5055.0,4585.0,5277.0,10469.0,14864.0,4985.0,8325.0,11015.0,8687.0,5726.0,3042.0,317.0,2.0,0.0
RENAULT,RENAULT TRAFIC,75_17,794.0,626.0,708.0,975.0,1034.0,495.0,413.0,436.0,484.0,550.0,476.0,390.0,410.0,328.0,149.0,26.0,2.0,4.0,3.0,0.0
RENAULT,RENAULT TWINGO,75_18,0.0,226.0,807.0,1413.0,3005.0,5165.0,937.0,1003.0,1364.0,2716.0,4607.0,1859.0,3595.0,612.0,0.0,0.0,1.0,0.0,0.0,0.0
RENAULT,RENAULT TWIZY,75_19,1.0,0.0,20.0,13.0,38.0,75.0,33.0,70.0,167.0,0.0,0.0,0.0,0.0,0.0,0.0,0.0,0.0,0.0,0.0,0.0
RENAULT,RENAULT VEL SATIS,75_20,0.0,0.0,0.0,0.0,0.0,0.0,0.0,0.0,0.0,0.0,0.0,0.0,0.0,0.0,2.0,12.0,31.0,44.0,54.0,0.0
RENAULT,RENAULT WIND ROADSTER,75_21,0.0,0.0,0.0,0.0,0.0,0.0,0.0,0.0,37.0,1356.0,708.0,0.0,0.0,0.0,0.0,0.0,0.0,0.0,0.0,0.0
RENAULT,RENAULT ZOE,75_22,6279.0,2231.0,1737.0,963.0,1527.0,1723.0,845.0,321.0,1.0,0.0,0.0,0.0,0.0,0.0,0.0,0.0,0.0,0.0,0.0,0.0
Reva,Reva G-WIZ,76_1,0.0,0.0,0.0,0.0,0.0,0.0,0.0,0.0,0.0,5.0,19.0,18.0,22.0,106.0,53.0,0.0,0.0,0.0,0.0,0.0
ROLLS ROYCE,ROLLS ROYCE CORNICHE,77_1,0.0,0.0,0.0,0.0,0.0,0.0,0.0,0.0,0.0,0.0,0.0,0.0,0.0,0.0,0.0,0.0,0.0,1.0,4.0,7.0
ROLLS ROYCE,ROLLS ROYCE DAWN,77_2,50.0,63.0,98.0,109.0,108.0,1.0,0.0,0.0,0.0,0.0,0.0,0.0,0.0,0.0,0.0,0.0,0.0,0.0,0.0,0.0
ROLLS ROYCE,ROLLS ROYCE GHOST,77_3,64.0,39.0,51.0,64.0,60.0,90.0,66.0,71.0,92.0,98.0,113.0,4.0,0.0,0.0,0.0,0.0,0.0,0.0,0.0,0.0
ROLLS ROYCE,ROLLS ROYCE PHANTOM,77_4,29.0,45.0,62.0,7.0,37.0,30.0,41.0,33.0,28.0,37.0,33.0,27.0,70.0,60.0,55.0,49.0,31.0,12.0,1.0,0.0
ROLLS ROYCE,ROLLS ROYCE SILVER SERAPH,77_5,0.0,0.0,0.0,0.0,0.0,0.0,0.0,0.0,0.0,0.0,0.0,0.0,0.0,0.0,0.0,0.0,0.0,0.0,9.0,23.0
ROLLS ROYCE,ROLLS ROYCE WRAITH,77_6,31.0,50.0,74.0,78.0,87.0,101.0,97.0,20.0,0.0,0.0,0.0,0.0,0.0,0.0,0.0,0.0,0.0,0.0,0.0,0.0
ROVER,ROVER 25,78_1,0.0,0.0,0.0,0.0,0.0,0.0,0.0,0.0,0.0,0.0,0.0,0.0,0.0,11.0,135.0,927.0,1401.0,1725.0,1588.0,1581.0
ROVER,ROVER 45,78_2,0.0,0.0,0.0,0.0,0.0,0.0,0.0,0.0,0.0,0.0,0.0,0.0,3.0,3.0,37.0,499.0,1104.0,1086.0,936.0,828.0
ROVER,ROVER 75,78_3,0.0,0.0,0.0,0.0,0.0,0.0,0.0,0.0,0.0,0.0,0.0,0.0,9.0,23.0,295.0,1756.0,4008.0,3388.0,2732.0,1383.0
ROVER,ROVER CITYROVER,78_5,0.0,0.0,0.0,0.0,0.0,0.0,0.0,0.0,0.0,0.0,0.0,0.0,0.0,1.0,61.0,56.0,213.0,16.0,0.0,0.0
ROVER,ROVER MINI,78_6,0.0,0.0,0.0,0.0,0.0,0.0,0.0,0.0,0.0,0.0,0.0,0.0,0.0,0.0,0.0,0.0,0.0,2.0,5.0,314.0
ROVER,ROVER STREETWISE,78_7,0.0,0.0,0.0,0.0,0.0,0.0,0.0,0.0,0.0,0.0,0.0,0.0,0.0,2.0,38.0,164.0,586.0,170.0,0.0,0.0
SAAB,SAAB 9-3,81_1,0.0,0.0,0.0,0.0,0.0,0.0,2.0,8.0,200.0,2798.0,4174.0,4890.0,9081.0,11704.0,10250.0,6882.0,4317.0,1865.0,1370.0,1186.0
SAAB,SAAB 9-5,81_3,0.0,0.0,0.0,0.0,1.0,0.0,0.0,1.0,21.0,414.0,748.0,814.0,1375.0,1706.0,1896.0,1755.0,1493.0,921.0,838.0,575.0
SANTANA,SANTANA PS10,82_1,0.0,0.0,0.0,0.0,0.0,0.0,0.0,0.0,0.0,0.0,0.0,0.0,0.0,1.0,1.0,0.0,0.0,0.0,0.0,0.0
SEAT,SEAT ALHAMBRA,79_1,768.0,2475.0,2294.0,5121.0,3795.0,2272.0,1994.0,1673.0,1562.0,1400.0,491.0,557.0,833.0,929.0,891.0,892.0,1193.0,779.0,401.0,170.0
SEAT,SEAT ALTEA,79_2,0.0,0.0,0.0,0.0,0.0,520.0,848.0,1691.0,2030.0,1701.0,1899.0,2419.0,3204.0,4206.0,2830.0,1691.0,754.0,0.0,0.0,0.0
SEAT,SEAT ARONA,79_4,10508.0,14841.0,11686.0,575.0,0.0,0.0,0.0,0.0,0.0,0.0,0.0,0.0,0.0,0.0,0.0,0.0,0.0,0.0,0.0,0.0
SEAT,SEAT AROSA,79_5,0.0,0.0,0.0,0.0,0.0,0.0,0.0,0.0,0.0,0.0,0.0,0.0,0.0,0.0,0.0,72.0,1028.0,872.0,738.0,446.0
SEAT,SEAT ATECA,79_6,7565.0,11040.0,8983.0,9446.0,1904.0,0.0,0.0,0.0,0.0,0.0,0.0,0.0,0.0,0.0,0.0,0.0,0.0,0.0,0.0,0.0
SEAT,SEAT CORDOBA,79_7,0.0,0.0,0.0,0.0,0.0,0.0,0.0,0.0,0.0,0.0,0.0,0.0,0.0,0.0,17.0,81.0,108.0,112.0,5.0,7.0
SEAT,SEAT EXEO,79_8,0.0,0.0,0.0,0.0,0.0,0.0,1.0,664.0,1407.0,2256.0,1941.0,1045.0,0.0,0.0,0.0,1.0,0.0,0.0,0.0,1.0
SEAT,SEAT IBIZA,79_9,8253.0,13255.0,12520.0,15531.0,18864.0,18993.0,20830.0,17881.0,15656.0,16353.0,13639.0,11705.0,8744.0,7593.0,6003.0,3859.0,3043.0,2627.0,986.0,444.0
SEAT,SEAT LEON,79_10,13516.0,18968.0,20765.0,18362.0,17031.0,19085.0,21450.0,14062.0,11756.0,9149.0,8516.0,7478.0,7724.0,8615.0,6399.0,3546.0,2891.0,2346.0,1286.0,682.0
SEAT,SEAT MII,79_11,297.0,1287.0,1244.0,1446.0,2193.0,2697.0,3153.0,3538.0,1787.0,0.0,0.0,0.0,0.0,0.0,0.0,0.0,0.0,0.0,0.0,0.0
SEAT,SEAT TARRACO,79_13,2777.0,4268.0,0.0,0.0,0.0,0.0,0.0,0.0,0.0,0.0,0.0,0.0,0.0,0.0,0.0,0.0,0.0,0.0,0.0,0.0
SEAT,SEAT TOLEDO,79_12,0.0,87.0,1212.0,793.0,740.0,1019.0,1295.0,1538.0,134.0,0.0,0.0,3.0,39.0,238.0,451.0,688.0,342.0,316.0,183.0,136.0
SKODA,SKODA CITIGO,80_1,278.0,4546.0,5125.0,6091.0,7762.0,8116.0,9264.0,7125.0,3808.0,1.0,0.0,0.0,0.0,0.0,0.0,0.0,0.0,0.0,0.0,0.0
SKODA,SKODA FABIA,80_2,9326.0,14679.0,16476.0,17421.0,19681.0,18075.0,15232.0,19590.0,15134.0,13427.0,12811.0,15979.0,13647.0,12192.0,11698.0,10249.0,8191.0,6185.0,4664.0,3362.0
SKODA,SKODA FELICIA,80_11,0.0,0.0,0.0,0.0,0.0,0.0,0.0,0.0,0.0,0.0,0.0,0.0,0.0,0.0,0.0,0.0,0.0,0.0,2.0,4.0
SKODA,SKODA KAROQ,80_3,12213.0,14566.0,13625.0,83.0,0.0,0.0,0.0,0.0,0.0,0.0,0.0,0.0,0.0,0.0,0.0,0.0,0.0,0.0,0.0,0.0
SKODA,SKODA KODIAQ,80_4,7310.0,8778.0,7547.0,6052.0,0.0,0.0,0.0,0.0,0.0,0.0,0.0,0.0,0.0,0.0,0.0,0.0,0.0,0.0,0.0,0.0
SKODA,SKODA OCTAVIA,80_5,11363.0,19631.0,16501.0,18337.0,21156.0,20500.0,18624.0,12554.0,13744.0,13854.0,11950.0,8874.0,8097.0,9246.0,8272.0,5643.0,4032.0,3209.0,2240.0,1392.0
SKODA,SKODA RAPID,80_6,0.0,501.0,2154.0,4010.0,4422.0,3458.0,6004.0,3611.0,190.0,0.0,0.0,0.0,0.0,0.0,0.0,0.0,0.0,0.0,0.0,0.0
SKODA,SKODA ROOMSTER,80_8,0.0,0.0,0.0,0.0,3.0,1727.0,2781.0,2729.0,2518.0,1712.0,1451.0,1273.0,2517.0,3113.0,583.0,0.0,0.0,0.0,0.0,0.0
SKODA,SKODA SCALA,80_12,3050.0,1420.0,0.0,0.0,0.0,0.0,0.0,0.0,0.0,0.0,0.0,0.0,0.0,0.0,0.0,0.0,0.0,0.0,0.0,0.0
SKODA,SKODA SUPERB,80_9,4779.0,6775.0,7577.0,9087.0,8818.0,5125.0,5149.0,4158.0,4559.0,3353.0,2278.0,1334.0,567.0,416.0,433.0,529.0,403.0,272.0,112.0,0.0
SKODA,SKODA YETI,80_10,0.0,0.0,49.0,10875.0,13146.0,12673.0,12401.0,10478.0,6920.0,5398.0,3940.0,587.0,0.0,0.0,0.0,0.0,0.0,0.0,0.0,0.0
SMART,SMART CITY,84_2,0.0,0.0,0.0,0.0,0.0,0.0,0.0,0.0,0.0,0.0,0.0,0.0,1.0,894.0,1307.0,1275.0,2136.0,1484.0,0.0,0.0
SMART,SMART FORFOUR,84_1,703.0,1926.0,3825.0,4613.0,5060.0,5412.0,0.0,0.0,0.0,0.0,0.0,0.0,7.0,164.0,1658.0,2015.0,785.0,0.0,0.0,0.0
SMART,SMART FORTWO,84_2,598.0,1878.0,3339.0,4574.0,5499.0,2138.0,3767.0,4540.0,4804.0,4085.0,5920.0,6391.0,5287.0,2381.0,1079.0,898.0,731.0,2.0,2.0,0.0
SMART,SMART ROADSTER,84_3,0.0,0.0,0.0,0.0,0.0,0.0,0.0,0.0,0.0,0.0,0.0,0.0,0.0,83.0,297.0,811.0,1305.0,408.0,0.0,0.0
SSANGYONG,SSANGYONG KORANDO,85_1,724.0,697.0,733.0,886.0,1048.0,1227.0,816.0,418.0,513.0,89.0,0.0,0.0,0.0,0.0,0.0,0.0,0.0,0.0,0.0,0.0
SSANGYONG,SSANGYONG KYRON,85_3,0.0,0.0,0.0,0.0,0.0,0.0,0.0,0.0,0.0,11.0,54.0,106.0,58.0,75.0,124.0,0.0,0.0,0.0,0.0,0.0
SSANGYONG,SSANGYONG MUSSO,85_4,0.0,0.0,0.0,0.0,0.0,0.0,0.0,0.0,0.0,0.0,0.0,0.0,0.0,0.0,0.0,1.0,1.0,1.0,1.0,0.0
SSANGYONG,SSANGYONG REXTON,85_5,202.0,310.0,326.0,412.0,350.0,362.0,334.0,11.0,119.0,46.0,53.0,215.0,106.0,171.0,208.0,375.0,221.0,27.0,1.0,0.0
SSANGYONG,SSANGYONG RODIUS,85_6,4.0,57.0,493.0,597.0,625.0,431.0,253.0,145.0,103.0,25.0,51.0,142.0,81.0,110.0,66.0,31.0,0.0,0.0,0.0,0.0
SSANGYONG,SSANGYONG TIVOLI,85_7,496.0,725.0,1064.0,1360.0,2108.0,1021.0,0.0,0.0,0.0,0.0,0.0,0.0,0.0,0.0,0.0,0.0,0.0,0.0,0.0,0.0
SUBARU,SUBARU BRZ,86_1,24.0,76.0,84.0,144.0,123.0,116.0,121.0,122.0,69.0,0.0,0.0,0.0,0.0,0.0,0.0,0.0,0.0,0.0,0.0,0.0
SUBARU,SUBARU FORESTER,86_2,206.0,1008.0,884.0,842.0,1192.0,1111.0,1142.0,846.0,468.0,933.0,969.0,642.0,691.0,1053.0,1234.0,1498.0,1336.0,1114.0,546.0,391.0
SUBARU,SUBARU IMPREZA,86_3,11.0,108.0,159.0,78.0,149.0,170.0,115.0,10.0,20.0,126.0,819.0,785.0,1092.0,1942.0,1852.0,2278.0,1852.0,1922.0,1253.0,1092.0
SUBARU,SUBARU JUSTY,86_4,0.0,0.0,0.0,0.0,0.0,0.0,0.0,0.0,0.0,1.0,55.0,280.0,309.0,59.0,0.0,0.0,0.0,0.0,0.0,9.0
SUBARU,SUBARU LEGACY,86_5,1.0,0.0,0.0,1.0,0.0,3.0,4.0,178.0,249.0,483.0,509.0,524.0,501.0,548.0,878.0,941.0,747.0,424.0,255.0,275.0
SUBARU,SUBARU LEVORG,86_6,64.0,74.0,14.0,106.0,187.0,163.0,0.0,0.0,0.0,0.0,0.0,0.0,0.0,0.0,0.0,0.0,0.0,0.0,0.0,0.0
SUBARU,SUBARU OUTBACK,86_7,240.0,571.0,645.0,458.0,757.0,783.0,248.0,289.0,314.0,594.0,591.0,435.0,359.0,506.0,606.0,485.0,341.0,45.0,0.0,0.0
SUBARU,SUBARU WRX,86_10,0.0,5.0,105.0,304.0,335.0,282.0,341.0,73.0,136.0,141.0,81.0,0.0,0.0,0.0,0.0,0.0,0.0,0.0,0.0,0.0
SUBARU,SUBARU XV,86_11,318.0,918.0,1093.0,597.0,739.0,633.0,625.0,586.0,555.0,2.0,0.0,0.0,0.0,0.0,0.0,0.0,0.0,0.0,0.0,0.0
SUZUKI,SUZUKI ALTO,87_1,0.0,0.0,0.0,0.0,0.0,1848.0,13273.0,12326.0,4915.0,4742.0,4770.0,6177.0,0.0,0.0,1323.0,2414.0,2135.0,1026.0,58.0,71.0
SUZUKI,SUZUKI BALENO,87_2,0.0,1046.0,1417.0,2180.0,1929.0,0.0,0.0,0.0,0.0,0.0,0.0,0.0,0.0,0.0,0.0,0.0,0.0,0.0,7.0,44.0
SUZUKI,SUZUKI CELERIO,87_3,0.0,2129.0,4069.0,6345.0,7963.0,7356.0,34.0,0.0,0.0,0.0,0.0,0.0,0.0,0.0,0.0,0.0,0.0,0.0,0.0,0.0
SUZUKI,SUZUKI GRAND VITARA,87_4,0.0,0.0,0.0,0.0,0.0,0.0,0.0,23.0,255.0,5.0,0.0,0.0,0.0,0.0,0.0,0.0,0.0,0.0,0.0,0.0
SUZUKI,SUZUKI IGNIS,87_5,3924.0,3579.0,5654.0,5765.0,253.0,0.0,0.0,0.0,0.0,0.0,0.0,0.0,23.0,1583.0,1442.0,1983.0,2093.0,1609.0,1117.0,798.0
SUZUKI,SUZUKI JIMNY,87_6,862.0,1169.0,477.0,934.0,1036.0,968.0,863.0,871.0,904.0,744.0,663.0,845.0,1248.0,1804.0,1832.0,2008.0,2485.0,2178.0,1732.0,1208.0
SUZUKI,SUZUKI KIZASHI,87_7,0.0,0.0,0.0,0.0,0.0,0.0,30.0,88.0,184.0,11.0,0.0,0.0,0.0,0.0,0.0,0.0,0.0,0.0,0.0,0.0
SUZUKI,SUZUKI LIANA,87_8,0.0,0.0,0.0,0.0,0.0,0.0,0.0,0.0,0.0,0.0,0.0,0.0,26.0,433.0,405.0,668.0,658.0,363.0,283.0,58.0
SUZUKI,SUZUKI SPLASH,87_9,0.0,0.0,0.0,0.0,0.0,61.0,3208.0,3589.0,3913.0,1607.0,1563.0,2835.0,2114.0,0.0,0.0,0.0,0.0,0.0,0.0,0.0
SUZUKI,SUZUKI SWIFT,87_10,7975.0,10931.0,10021.0,7932.0,10623.0,12592.0,10318.0,9017.0,9491.0,6732.0,6900.0,8586.0,9898.0,10442.0,6455.0,2369.0,1.0,176.0,498.0,222.0
SUZUKI,SUZUKI SX4,87_11,877.0,2027.0,2740.0,3045.0,3487.0,3935.0,6699.0,3492.0,2134.0,2455.0,2313.0,2569.0,3210.0,3398.0,1554.0,0.0,0.0,0.0,0.0,0.0
SUZUKI,SUZUKI VITARA,87_13,5141.0,12497.0,11938.0,10936.0,11040.0,5699.0,525.0,1174.0,939.0,1604.0,2064.0,2463.0,3013.0,3774.0,3327.0,3816.0,3725.0,2719.0,1982.0,1141.0
SUZUKI,SUZUKI WAGON R+,87_14,0.0,0.0,0.0,0.0,0.0,0.0,0.0,0.0,0.0,0.0,0.0,0.0,7.0,721.0,873.0,1914.0,2395.0,2537.0,2090.0,1435.0
TATA,TATA SAFARI,89_1,0.0,0.0,0.0,0.0,0.0,0.0,0.0,0.0,0.0,0.0,0.0,0.0,0.0,1.0,0.0,5.0,2.0,2.0,0.0,4.0
TESLA,TESLA MODEL 3,90_3,22120.0,10317.0,1.0,0.0,0.0,0.0,0.0,0.0,0.0,0.0,0.0,0.0,0.0,0.0,0.0,0.0,0.0,0.0,0.0,0.0
TESLA,TESLA MODEL S,90_1,889.0,1186.0,1762.0,2362.0,2195.0,1266.0,606.0,0.0,0.0,0.0,0.0,0.0,0.0,0.0,0.0,0.0,0.0,0.0,0.0,0.0
TESLA,TESLA MODEL X,90_2,1502.0,1209.0,1375.0,1939.0,40.0,0.0,0.0,0.0,0.0,0.0,0.0,0.0,0.0,0.0,0.0,0.0,0.0,0.0,0.0,0.0
TOYOTA,TOYOTA 4-RUNNER,92_1,0.0,2.0,2.0,59.0,7.0,3.0,2.0,0.0,0.0,3.0,0.0,0.0,1.0,1.0,0.0,2.0,1.0,2.0,1.0,0.0
TOYOTA,TOYOTA AURIS,92_3,0.0,1121.0,12484.0,12936.0,14999.0,16921.0,16941.0,14231.0,8704.0,9808.0,10307.0,12871.0,14782.0,14886.0,74.0,0.0,0.0,0.0,0.0,0.0
TOYOTA,TOYOTA AVENSIS,92_4,0.0,1.0,1378.0,2795.0,4088.0,3999.0,3802.0,4000.0,6335.0,6077.0,10296.0,9827.0,8464.0,9765.0,9394.0,7921.0,6522.0,4600.0,2253.0,1733.0
TOYOTA,TOYOTA AYGO,92_6,16537.0,21768.0,21371.0,20584.0,22027.0,23005.0,19227.0,15142.0,14868.0,13026.0,12325.0,13448.0,12731.0,11327.0,10500.0,2004.0,0.0,0.0,0.0,0.0
TOYOTA,TOYOTA CAMRY,92_9,398.0,385.0,0.0,0.0,1.0,1.0,1.0,2.0,0.0,2.0,1.0,3.0,0.0,1.0,0.0,0.0,36.0,50.0,139.0,36.0
TOYOTA,TOYOTA CELICA,92_10,0.0,0.0,0.0,0.0,0.0,0.0,0.0,0.0,0.0,0.0,0.0,1.0,0.0,0.0,1066.0,1741.0,2163.0,2013.0,1645.0,1428.0
TOYOTA,TOYOTA C-HR,92_8,16351.0,17346.0,18052.0,13014.0,482.0,0.0,0.0,0.0,0.0,0.0,0.0,0.0,0.0,0.0,0.0,0.0,0.0,0.0,0.0,0.0
TOYOTA,TOYOTA COROLLA,92_11,17817.0,14079.0,4.0,56.0,9.0,10.0,22.0,6.0,7.0,7.0,20.0,1684.0,4988.0,7416.0,19400.0,18980.0,13335.0,10325.0,7375.0,3885.0
TOYOTA,TOYOTA ESTIMA,92_14,0.0,0.0,0.0,1.0,1.0,13.0,34.0,53.0,59.0,48.0,48.0,76.0,91.0,80.0,111.0,43.0,57.0,51.0,57.0,21.0
TOYOTA,TOYOTA GRANVIA,92_16,0.0,0.0,0.0,0.0,0.0,0.0,0.0,0.0,0.0,0.0,0.0,0.0,0.0,0.0,0.0,1.0,0.0,0.0,0.0,4.0
TOYOTA,TOYOTA GT86,92_17,250.0,316.0,449.0,615.0,644.0,717.0,946.0,1578.0,1217.0,0.0,0.0,0.0,0.0,0.0,0.0,0.0,0.0,0.0,0.0,0.0
TOYOTA,TOYOTA HIACE,92_18,0.0,0.0,0.0,1.0,0.0,0.0,0.0,1.0,2.0,14.0,5.0,16.0,72.0,20.0,8.0,6.0,11.0,6.0,22.0,68.0
TOYOTA,TOYOTA HILUX,92_19,0.0,1.0,0.0,0.0,0.0,0.0,0.0,0.0,1.0,0.0,1.0,4.0,2.0,1.0,1.0,6.0,2.0,1.0,3.0,3.0
TOYOTA,TOYOTA IQ,92_20,0.0,0.0,0.0,0.0,0.0,10.0,837.0,1326.0,2367.0,2546.0,3835.0,6466.0,12.0,0.0,0.0,0.0,0.0,0.0,0.0,0.0
TOYOTA,TOYOTA LANDCRUISER,92_21,341.0,620.0,648.0,504.0,665.0,815.0,775.0,440.0,454.0,550.0,714.0,468.0,744.0,1354.0,1668.0,2240.0,2152.0,1592.0,1245.0,1247.0
TOYOTA,TOYOTA MR2,92_25,0.0,0.0,0.0,0.0,0.0,1.0,0.0,0.0,0.0,0.0,0.0,0.0,0.0,0.0,654.0,743.0,1061.0,1165.0,1015.0,842.0
TOYOTA,TOYOTA PICNIC,92_27,0.0,0.0,0.0,0.0,0.0,0.0,0.0,0.0,0.0,0.0,0.0,0.0,0.0,0.0,0.0,1.0,1.0,0.0,1.0,40.0
TOYOTA,TOYOTA PREVIA,92_29,0.0,0.0,0.0,27.0,0.0,0.0,1.0,0.0,0.0,0.0,0.0,1.0,1.0,3.0,698.0,946.0,1033.0,1013.0,696.0,738.0
TOYOTA,TOYOTA PRIUS,92_30,1650.0,3059.0,4648.0,4949.0,5731.0,5088.0,6924.0,5829.0,6138.0,6383.0,9281.0,6805.0,7181.0,7162.0,3994.0,2861.0,1112.0,196.0,92.0,164.0
TOYOTA,TOYOTA PRIUS+,92_31,2723.0,3573.0,937.0,867.0,1135.0,1115.0,840.0,1113.0,839.0,22.0,0.0,1.0,0.0,0.0,1.0,0.0,1.0,0.0,0.0,0.0
TOYOTA,TOYOTA PROACE,92_32,431.0,516.0,1.0,0.0,0.0,0.0,0.0,0.0,0.0,0.0,0.0,0.0,0.0,0.0,0.0,0.0,0.0,0.0,0.0,0.0
TOYOTA,TOYOTA RAV4,92_34,12450.0,9458.0,7278.0,7696.0,7930.0,6200.0,6756.0,6522.0,3712.0,4230.0,4541.0,3949.0,6438.0,8206.0,8079.0,9289.0,8709.0,7229.0,5353.0,3095.0
TOYOTA,TOYOTA SOARER,92_35,0.0,0.0,0.0,0.0,0.0,0.0,0.0,0.0,0.0,0.0,0.0,0.0,0.0,0.0,0.0,0.0,0.0,1.0,0.0,1.0
TOYOTA,TOYOTA STARLET,92_36,0.0,0.0,0.0,38.0,1.0,0.0,0.0,0.0,0.0,0.0,0.0,0.0,0.0,0.0,0.0,0.0,0.0,0.0,0.0,0.0
TOYOTA,TOYOTA SUPRA,92_37,259.0,102.0,0.0,5.0,0.0,0.0,0.0,0.0,0.0,0.0,0.0,0.0,0.0,0.0,0.0,0.0,1.0,0.0,7.0,7.0
TOYOTA,TOYOTA URBAN CRUISER,92_39,0.0,0.0,0.0,0.0,0.0,0.0,0.0,2.0,618.0,1078.0,1275.0,1310.0,0.0,0.0,0.0,0.0,0.0,0.0,0.0,0.0
TOYOTA,TOYOTA VERSO,92_40,0.0,0.0,827.0,2141.0,3512.0,3280.0,3153.0,3373.0,3131.0,4063.0,730.0,0.0,0.0,0.0,1.0,0.0,0.0,0.0,0.0,0.0
TOYOTA,TOYOTA YARIS,92_44,20813.0,27557.0,27188.0,25666.0,28590.0,31025.0,29225.0,29127.0,27768.0,16479.0,19710.0,26669.0,25444.0,24872.0,22153.0,24004.0,21479.0,19227.0,15589.0,12369.0
TVR,TVR CERBERA,88_1,0.0,0.0,0.0,0.0,0.0,0.0,0.0,0.0,0.0,0.0,0.0,0.0,0.0,0.0,0.0,0.0,1.0,3.0,12.0,34.0
TVR,TVR SAGARIS,88_2,0.0,0.0,0.0,0.0,0.0,0.0,0.0,0.0,0.0,0.0,0.0,0.0,0.0,1.0,19.0,60.0,0.0,0.0,0.0,0.0
TVR,TVR T350,88_3,0.0,0.0,0.0,0.0,0.0,0.0,0.0,0.0,0.0,0.0,0.0,0.0,2.0,1.0,8.0,35.0,57.0,70.0,1.0,0.0
TVR,TVR TUSCAN,88_4,0.0,0.0,0.0,0.0,0.0,0.0,0.0,0.0,1.0,1.0,1.0,2.0,6.0,8.0,43.0,72.0,40.0,93.0,99.0,156.0
VAUXHALL,VAUXHALL ADAM,94_1,0.0,4716.0,5240.0,7160.0,9170.0,10590.0,13213.0,7623.0,47.0,0.0,0.0,0.0,0.0,0.0,0.0,0.0,0.0,0.0,0.0,0.0
VAUXHALL,VAUXHALL AGILA,94_2,0.0,0.0,0.0,0.0,3.0,225.0,3703.0,3761.0,4341.0,4674.0,4317.0,6450.0,3669.0,1514.0,1880.0,2004.0,2123.0,2336.0,1373.0,1347.0
VAUXHALL,VAUXHALL AMPERA,94_3,0.0,0.0,0.0,0.0,2.0,91.0,483.0,223.0,412.0,0.0,0.0,0.0,0.0,0.0,0.0,0.0,0.0,0.0,0.0,0.0
VAUXHALL,VAUXHALL ANTARA,94_4,0.0,0.0,0.0,11.0,842.0,2139.0,2776.0,7377.0,6671.0,1056.0,340.0,1102.0,1067.0,732.0,1.0,0.0,0.0,0.0,0.0,0.0
VAUXHALL,VAUXHALL ASTRA,94_5,6020.0,20595.0,28741.0,45275.0,57009.0,49244.0,55257.0,61849.0,55697.0,53252.0,64991.0,51501.0,59771.0,65907.0,47892.0,36609.0,20319.0,15954.0,12820.0,7679.0
VAUXHALL,VAUXHALL CASCADA,94_7,0.0,0.0,49.0,208.0,499.0,561.0,708.0,780.0,0.0,0.0,0.0,0.0,0.0,0.0,0.0,0.0,0.0,0.0,0.0,0.0
VAUXHALL,VAUXHALL COMBO,94_8,3196.0,3412.0,359.0,17.0,0.0,0.0,0.0,0.0,116.0,175.0,240.0,120.0,121.0,422.0,154.0,100.0,3.0,0.0,0.0,0.0
VAUXHALL,VAUXHALL CORSA,94_9,45080.0,50763.0,50042.0,50049.0,73362.0,86840.0,75586.0,76413.0,79535.0,67713.0,65057.0,66071.0,69691.0,57993.0,34960.0,28477.0,23338.0,19848.0,13771.0,9124.0
VAUXHALL,VAUXHALL CROSSLAND,94_10,18139.0,15112.0,12519.0,2425.0,0.0,0.0,0.0,0.0,0.0,0.0,0.0,0.0,0.0,0.0,0.0,0.0,0.0,0.0,0.0,0.0
VAUXHALL,VAUXHALL FRONTERA,94_11,0.0,0.0,0.0,0.0,0.0,0.0,0.0,0.0,0.0,0.0,0.0,0.0,0.0,0.0,0.0,11.0,171.0,425.0,232.0,136.0
VAUXHALL,VAUXHALL GRANDLAND,94_12,18195.0,21625.0,15903.0,49.0,0.0,0.0,0.0,0.0,0.0,0.0,0.0,0.0,0.0,0.0,0.0,0.0,0.0,0.0,0.0,0.0
VAUXHALL,VAUXHALL INSIGNIA,94_13,1325.0,7408.0,12737.0,15459.0,23111.0,30531.0,27838.0,24382.0,26411.0,34315.0,24496.0,19901.0,242.0,0.0,0.0,0.0,0.0,0.0,0.0,1.0
VAUXHALL,VAUXHALL MERIVA,94_14,0.0,0.0,26.0,4340.0,6500.0,8328.0,7861.0,8296.0,9952.0,17771.0,13227.0,8046.0,9161.0,9068.0,8718.0,6631.0,5564.0,1311.0,0.0,0.0
VAUXHALL,VAUXHALL MOKKA,94_15,0.0,21463.0,30468.0,34620.0,40031.0,43356.0,32204.0,13084.0,838.0,0.0,0.0,0.0,0.0,0.0,0.0,0.0,0.0,0.0,0.0,0.0
VAUXHALL,VAUXHALL MONARO,94_17,0.0,0.0,0.0,0.0,0.0,0.0,0.0,0.0,0.0,0.0,0.0,0.0,0.0,45.0,126.0,133.0,90.0,0.0,0.0,0.0
VAUXHALL,VAUXHALL MOVANO,94_18,58.0,48.0,68.0,66.0,47.0,54.0,57.0,29.0,22.0,1.0,0.0,0.0,4.0,14.0,0.0,2.0,3.0,1.0,1.0,0.0
VAUXHALL,VAUXHALL OMEGA,94_19,0.0,0.0,0.0,0.0,0.0,0.0,0.0,0.0,0.0,0.0,0.0,0.0,1.0,0.0,1.0,0.0,35.0,667.0,632.0,476.0
VAUXHALL,VAUXHALL SIGNUM,94_20,0.0,0.0,0.0,0.0,0.0,0.0,0.0,0.0,3.0,1.0,0.0,0.0,51.0,689.0,1177.0,700.0,572.0,202.0,0.0,0.0
VAUXHALL,VAUXHALL TIGRA,94_21,0.0,0.0,0.0,0.0,0.0,0.0,0.0,0.0,0.0,5.0,12.0,2178.0,1818.0,2395.0,2737.0,2012.0,513.0,0.0,1.0,3.0
VAUXHALL,VAUXHALL VECTRA,94_22,0.0,0.0,0.0,0.0,1.0,0.0,0.0,0.0,0.0,0.0,1.0,3255.0,20567.0,19777.0,12589.0,6928.0,4417.0,2504.0,1653.0,1445.0
VAUXHALL,VAUXHALL VIVA,94_23,0.0,4091.0,5377.0,9510.0,13720.0,5223.0,0.0,0.0,0.0,0.0,0.0,1.0,1.0,0.0,1.0,0.0,0.0,1.0,0.0,0.0
VAUXHALL,VAUXHALL VIVARO,94_24,216.0,387.0,790.0,1055.0,1452.0,1037.0,741.0,840.0,581.0,313.0,62.0,116.0,87.0,82.0,47.0,4.0,2.0,6.0,2.0,0.0
VAUXHALL,VAUXHALL VX220,94_25,0.0,0.0,0.0,0.0,0.0,0.0,0.0,0.0,0.0,0.0,0.0,0.0,0.0,2.0,35.0,36.0,86.0,89.0,28.0,1.0
VAUXHALL,VAUXHALL VXR8,94_26,0.0,0.0,8.0,7.0,8.0,11.0,12.0,1.0,3.0,0.0,1.0,170.0,92.0,110.0,0.0,0.0,0.0,0.0,0.0,0.0
VAUXHALL,VAUXHALL ZAFIRA,94_27,0.0,6.0,4721.0,10416.0,11645.0,14830.0,28877.0,30676.0,19185.0,17073.0,24214.0,15461.0,27378.0,26048.0,20638.0,14114.0,12360.0,7288.0,4494.0,2139.0
VOLKSWAGEN,VOLKSWAGEN ARTEON,95_2,1521.0,2510.0,2181.0,534.0,0.0,0.0,0.0,0.0,0.0,0.0,0.0,0.0,0.0,0.0,0.0,0.0,0.0,0.0,0.0,0.0
VOLKSWAGEN,VOLKSWAGEN BEETLE,95_3,0.0,0.0,905.0,1483.0,2273.0,3285.0,3699.0,4482.0,2262.0,686.0,2219.0,1945.0,2721.0,3495.0,4050.0,4725.0,5644.0,4600.0,2817.0,2444.0
VOLKSWAGEN,VOLKSWAGEN BORA,95_4,0.0,0.0,0.0,0.0,0.0,0.0,0.0,0.0,0.0,2.0,7.0,1.0,0.0,1.0,393.0,2703.0,2358.0,2290.0,2012.0,1145.0
VOLKSWAGEN,VOLKSWAGEN CADDY,95_5,266.0,1162.0,2525.0,2780.0,2130.0,2074.0,1281.0,1279.0,1244.0,1205.0,934.0,692.0,410.0,65.0,38.0,8.0,3.0,1.0,3.0,0.0
VOLKSWAGEN,VOLKSWAGEN CADDYMAXI,95_7,1532.0,1440.0,3.0,0.0,0.0,55.0,40.0,49.0,14.0,0.0,0.0,0.0,0.0,0.0,0.0,0.0,0.0,0.0,0.0,0.0
VOLKSWAGEN,VOLKSWAGEN CALIFORNIA,95_9,188.0,1201.0,0.0,1.0,0.0,0.0,0.0,0.0,0.0,1.0,0.0,0.0,0.0,0.0,0.0,0.0,0.0,0.0,0.0,0.0
VOLKSWAGEN,VOLKSWAGEN CARAVELLE,95_11,615.0,736.0,60.0,91.0,41.0,565.0,575.0,675.0,820.0,682.0,596.0,388.0,535.0,575.0,566.0,648.0,489.0,83.0,34.0,52.0
VOLKSWAGEN,VOLKSWAGEN CC,95_12,0.0,0.0,1.0,256.0,1968.0,2959.0,3893.0,3733.0,3181.0,1.0,0.0,0.0,0.0,0.0,0.0,0.0,0.0,0.0,0.0,0.0
VOLKSWAGEN,VOLKSWAGEN EOS,95_13,0.0,0.0,0.0,0.0,37.0,523.0,332.0,455.0,378.0,1395.0,2176.0,1539.0,3334.0,4131.0,1764.0,0.0,0.0,1.0,0.0,0.0
VOLKSWAGEN,VOLKSWAGEN FOX,95_14,0.0,0.0,0.0,0.0,0.0,0.0,0.0,0.0,96.0,2413.0,3978.0,2456.0,2161.0,2691.0,1837.0,0.0,0.0,0.0,0.0,0.0
VOLKSWAGEN,VOLKSWAGEN GOLF,95_15,41724.0,57451.0,63029.0,70652.0,66862.0,70714.0,68748.0,59564.0,56308.0,56671.0,52675.0,52868.0,54196.0,58383.0,48023.0,39567.0,28821.0,30106.0,26767.0,15737.0
VOLKSWAGEN,VOLKSWAGEN HIGH UP,95_33,0.0,507.0,1119.0,1732.0,183.0,0.0,0.0,0.0,0.0,0.0,0.0,0.0,0.0,0.0,0.0,0.0,0.0,0.0,0.0,0.0
VOLKSWAGEN,VOLKSWAGEN JETTA,95_18,4.0,9.0,31.0,395.0,1143.0,1724.0,1506.0,1693.0,1943.0,1525.0,1069.0,1915.0,2926.0,4715.0,3904.0,75.0,11.0,6.0,2.0,0.0
VOLKSWAGEN,VOLKSWAGEN LOOK UP,95_33,0.0,0.0,0.0,4.0,1219.0,0.0,0.0,0.0,0.0,0.0,0.0,0.0,0.0,0.0,0.0,0.0,0.0,0.0,0.0,0.0
VOLKSWAGEN,VOLKSWAGEN LUPO,95_19,0.0,0.0,0.0,0.0,0.0,0.0,0.0,0.0,0.0,0.0,1.0,0.0,0.0,1.0,3.0,545.0,1440.0,1464.0,2245.0,1657.0
VOLKSWAGEN,VOLKSWAGEN PASSAT,95_20,5940.0,7269.0,11706.0,14577.0,16057.0,17089.0,16758.0,14231.0,16984.0,21439.0,15668.0,17179.0,16908.0,18066.0,14125.0,10568.0,8467.0,7221.0,4711.0,2729.0
VOLKSWAGEN,VOLKSWAGEN PHAETON,95_21,0.0,0.0,0.0,0.0,0.0,7.0,27.0,90.0,99.0,162.0,98.0,141.0,132.0,144.0,130.0,84.0,62.0,26.0,0.0,0.0
VOLKSWAGEN,VOLKSWAGEN POLO,95_22,26210.0,36314.0,43389.0,44732.0,51815.0,52347.0,45125.0,39453.0,38569.0,41599.0,40550.0,26297.0,30123.0,29503.0,27773.0,24740.0,22975.0,20201.0,12835.0,8287.0
VOLKSWAGEN,VOLKSWAGEN SCIROCCO,95_23,0.0,0.0,601.0,4403.0,5244.0,5571.0,3862.0,4538.0,4668.0,6544.0,7028.0,6070.0,1110.0,1.0,0.0,1.0,33.0,5.0,0.0,0.0
VOLKSWAGEN,VOLKSWAGEN SHARAN,95_24,1430.0,4416.0,2763.0,2886.0,2819.0,3023.0,2802.0,2153.0,1851.0,1989.0,885.0,760.0,1072.0,1564.0,1606.0,1775.0,1244.0,893.0,585.0,284.0
VOLKSWAGEN,VOLKSWAGEN T-CROSS,95_37,7521.0,6758.0,0.0,0.0,0.0,0.0,0.0,0.0,0.0,0.0,0.0,0.0,0.0,0.0,0.0,0.0,0.0,0.0,0.0,0.0
VOLKSWAGEN,VOLKSWAGEN TIGUAN,95_26,24794.0,37182.0,30636.0,26625.0,19237.0,20860.0,16098.0,12827.0,9620.0,7370.0,7435.0,7250.0,5388.0,1.0,0.0,0.0,0.0,0.0,0.0,0.0
VOLKSWAGEN,VOLKSWAGEN TOUAREG,95_28,2224.0,3301.0,1614.0,3288.0,4083.0,4351.0,3327.0,2515.0,2025.0,1872.0,825.0,1297.0,1841.0,2644.0,2458.0,1955.0,1158.0,324.0,1.0,0.0
VOLKSWAGEN,VOLKSWAGEN TOURAN,95_29,2138.0,2629.0,3549.0,3947.0,3528.0,3829.0,4874.0,5244.0,5745.0,6219.0,5685.0,6637.0,6800.0,8471.0,7605.0,6688.0,4816.0,833.0,0.0,0.0
VOLKSWAGEN,VOLKSWAGEN TRANSPORTER,95_30,1020.0,2219.0,1642.0,1253.0,1226.0,1128.0,1089.0,924.0,684.0,700.0,873.0,485.0,1081.0,1292.0,95.0,63.0,53.0,22.0,21.0,20.0
VOLKSWAGEN,VOLKSWAGEN T-ROC,95_25,16839.0,21258.0,15803.0,16.0,0.0,0.0,0.0,0.0,0.0,0.0,0.0,0.0,0.0,0.0,0.0,0.0,0.0,0.0,0.0,0.0
VOLKSWAGEN,VOLKSWAGEN UP,95_33,3302.0,6939.0,10060.0,8701.0,10441.0,16280.0,21475.0,20066.0,13854.0,1.0,0.0,0.0,0.0,0.0,0.0,0.0,0.0,0.0,0.0,0.0
VOLKSWAGEN,VOLKSWAGEN UP BY,95_33,203.0,820.0,1133.0,2198.0,850.0,0.0,0.0,0.0,0.0,0.0,0.0,0.0,0.0,0.0,0.0,0.0,0.0,0.0,0.0,0.0
VOLKSWAGEN,VOLKSWAGEN URBAN,95_14,0.0,0.0,0.0,0.0,0.0,0.0,0.0,0.0,5.0,165.0,4525.0,2998.0,3204.0,3738.0,2107.0,0.0,0.0,0.0,0.0,0.0
VOLKSWAGEN,VOLKSWAGEN XL1,95_35,0.0,0.0,0.0,0.0,0.0,12.0,0.0,0.0,0.0,0.0,0.0,0.0,0.0,0.0,0.0,0.0,0.0,0.0,0.0,0.0
VOLVO,VOLVO C 30,96_1,0.0,0.0,0.0,0.0,0.0,0.0,0.0,258.0,1627.0,2632.0,5777.0,6321.0,3982.0,2948.0,165.0,0.0,0.0,0.0,0.0,1.0
VOLVO,VOLVO C30,96_1,0.0,0.0,0.0,0.0,0.0,0.0,0.0,748.0,1383.0,794.0,24.0,0.0,2.0,0.0,0.0,0.0,0.0,0.0,0.0,0.0
VOLVO,VOLVO C70,96_2,0.0,0.0,0.0,0.0,0.0,0.0,2.0,230.0,280.0,485.0,763.0,990.0,1284.0,1395.0,1315.0,551.0,682.0,647.0,408.0,335.0
VOLVO,VOLVO S40,96_3,0.0,0.0,0.0,0.0,0.0,0.0,1.0,39.0,1424.0,1736.0,2599.0,3260.0,4364.0,2979.0,3007.0,2995.0,2360.0,1466.0,1015.0,747.0
VOLVO,VOLVO S60,96_4,1078.0,1098.0,888.0,1109.0,1190.0,1343.0,1600.0,1583.0,2008.0,2171.0,775.0,61.0,468.0,896.0,1547.0,2214.0,2054.0,1886.0,1386.0,595.0
VOLVO,VOLVO S70,96_19,0.0,0.0,0.0,0.0,0.0,0.0,0.0,0.0,0.0,1.0,0.0,0.0,2.0,1.0,0.0,0.0,0.0,0.0,1.0,1.0
VOLVO,VOLVO S80,96_5,0.0,0.0,0.0,0.0,176.0,394.0,388.0,439.0,386.0,458.0,684.0,550.0,903.0,1075.0,555.0,757.0,766.0,800.0,694.0,482.0
VOLVO,VOLVO S90,96_6,1025.0,2050.0,2389.0,1368.0,283.0,0.0,0.0,0.0,0.0,0.0,0.0,0.0,0.0,0.0,0.0,0.0,0.0,0.0,0.0,0.0
VOLVO,VOLVO V40,96_7,0.0,8110.0,12787.0,13181.0,15226.0,15667.0,16427.0,11707.0,2499.0,0.0,1.0,6.0,1.0,0.0,0.0,2.0,1537.0,2079.0,1525.0,1150.0
VOLVO,VOLVO V50,96_9,0.0,0.0,1.0,0.0,0.0,0.0,0.0,6.0,3230.0,4577.0,5602.0,5811.0,7165.0,4133.0,4310.0,3816.0,1657.0,0.0,0.0,0.0
VOLVO,VOLVO V60,96_10,2928.0,4648.0,3798.0,3158.0,3795.0,3359.0,3757.0,3638.0,4765.0,2703.0,252.0,0.0,0.0,0.0,0.0,0.0,0.0,0.0,0.0,1.0
VOLVO,VOLVO V70,96_12,0.0,0.0,1.0,15.0,747.0,1983.0,1967.0,1709.0,1569.0,2161.0,3022.0,4070.0,3812.0,3269.0,3432.0,4489.0,4264.0,3899.0,3935.0,2854.0
VOLVO,VOLVO V90,96_14,2353.0,4296.0,3864.0,2859.0,429.0,0.0,0.0,0.0,0.0,0.0,0.0,0.0,0.0,0.0,0.0,0.0,0.0,0.0,0.0,1.0
VOLVO,VOLVO XC40,96_20,24281.0,14894.0,6616.0,8.0,0.0,0.0,0.0,0.0,0.0,0.0,0.0,0.0,0.0,0.0,0.0,0.0,0.0,0.0,0.0,0.0
VOLVO,VOLVO XC60,96_16,7694.0,11182.0,10840.0,14994.0,14808.0,12830.0,9102.0,5250.0,5046.0,4727.0,4548.0,3373.0,308.0,0.0,0.0,0.0,0.0,0.0,0.0,0.0
VOLVO,VOLVO XC70,96_17,0.0,0.0,0.0,17.0,1006.0,1586.0,1710.0,1549.0,1360.0,1863.0,1447.0,1067.0,1059.0,1423.0,1347.0,1524.0,963.0,626.0,119.0,0.0
VOLVO,VOLVO XC90,96_18,4969.0,7495.0,6475.0,5564.0,5254.0,2756.0,2319.0,2438.0,3003.0,4368.0,6392.0,3633.0,1879.0,3232.0,3547.0,4614.0,3901.0,1507.0,0.0,0.0
ZENOS,ZENOS E10,99_1,0.0,0.0,0.0,2.0,10.0,7.0,0.0,0.0,0.0,0.0,0.0,0.0,0.0,0.0,0.0,0.0,0.0,0.0,0.0,0.0
